date,top6,actual,hits
2017-05-06,"[23, 25, 22, 7, 8, 1]","[30, 26, 32, 31, 16, 47]",0
2017-05-10,"[23, 8, 27, 25, 12, 4]","[42, 9, 38, 18, 39, 26]",0
2017-05-13,"[23, 8, 12, 25, 36, 27]","[7, 19, 32, 48, 47, 45]",0
2017-05-17,"[8, 6, 12, 25, 7, 23]","[23, 36, 2, 43, 1, 26]",1
2017-05-20,"[12, 25, 4, 8, 6, 30]","[44, 15, 29, 37, 34, 1]",0
2017-05-24,"[8, 25, 6, 23, 4, 9]","[25, 6, 19, 13, 44, 26]",2
2017-05-27,"[8, 36, 4, 25, 9, 23]","[25, 23, 27, 29, 24, 49]",2
2017-05-31,"[36, 31, 8, 9, 29, 6]","[36, 9, 24, 27, 17, 48]",2
2017-06-03,"[9, 8, 24, 36, 6, 30]","[24, 31, 32, 37, 35, 46]",1
2017-06-07,"[25, 29, 36, 30, 6, 46]","[6, 37, 18, 28, 17, 33]",1
2017-06-10,"[36, 27, 6, 24, 9, 23]","[6, 29, 4, 16, 42, 26]",1
2017-06-14,"[22, 36, 23, 27, 19, 17]","[36, 30, 32, 29, 33, 44]",1
2017-06-17,"[24, 27, 6, 30, 36, 2]","[6, 2, 16, 44, 22, 49]",2
2017-06-21,"[24, 27, 8, 28, 36, 6]","[6, 7, 4, 41, 39, 44]",1
2017-06-24,"[36, 27, 24, 40, 3, 2]","[27, 23, 46, 13, 38, 43]",1
2017-06-28,"[36, 23, 27, 16, 9, 8]","[17, 13, 42, 38, 29, 41]",0
2017-07-01,"[36, 8, 4, 24, 16, 7]","[2, 22, 35, 3, 15, 47]",0
2017-07-05,"[8, 28, 12, 16, 24, 29]","[40, 7, 34, 33, 39, 47]",0
2017-07-08,"[4, 36, 7, 17, 8, 13]","[17, 2, 3, 27, 23, 40]",1
2017-07-12,"[29, 28, 16, 4, 5, 9]","[44, 30, 18, 22, 36, 49]",0
2017-07-15,"[23, 27, 36, 4, 29, 16]","[38, 8, 33, 32, 31, 25]",0
2017-07-19,"[23, 8, 36, 27, 29, 10]","[36, 27, 41, 17, 19, 21]",2
2017-07-22,"[8, 23, 29, 36, 3, 40]","[37, 27, 5, 41, 47, 45]",0
2017-07-26,"[8, 23, 17, 16, 10, 7]","[12, 18, 15, 33, 26, 27]",0
2017-07-29,"[8, 17, 29, 36, 1, 3]","[29, 20, 30, 35, 37, 14]",1
2017-08-02,"[8, 17, 36, 29, 44, 40]","[36, 22, 23, 49, 21, 34]",1
2017-08-05,"[23, 17, 8, 3, 29, 4]","[23, 37, 49, 14, 19, 18]",1
2017-08-09,"[17, 8, 10, 23, 12, 5]","[10, 41, 18, 49, 39, 1]",1
2017-08-12,"[8, 5, 16, 9, 28, 21]","[5, 15, 25, 49, 47, 27]",1
2017-08-16,"[8, 10, 23, 12, 17, 14]","[9, 6, 36, 38, 29, 49]",0
2017-08-19,"[8, 10, 23, 43, 31, 14]","[10, 29, 35, 2, 48, 45]",1
2017-08-23,"[8, 26, 23, 14, 31, 9]","[23, 16, 28, 49, 25, 32]",1
2017-08-26,"[8, 23, 2, 14, 16, 6]","[2, 24, 28, 19, 11, 49]",1
2017-08-30,"[8, 26, 27, 23, 31, 43]","[9, 21, 7, 5, 29, 34]",0
2017-09-02,"[8, 1, 6, 14, 23, 7]","[8, 14, 5, 3, 33, 34]",2
2017-09-06,"[1, 6, 40, 31, 2, 19]","[19, 12, 28, 33, 16, 48]",1
2017-09-09,"[8, 2, 28, 23, 43, 6]","[8, 14, 40, 18, 27, 49]",1
2017-09-13,"[8, 6, 43, 24, 26, 7]","[16, 18, 11, 30, 17, 40]",0
2017-09-16,"[8, 1, 26, 43, 28, 24]","[26, 31, 27, 35, 21, 47]",1
2017-09-20,"[8, 21, 2, 28, 22, 9]","[28, 9, 30, 3, 46, 36]",2
2017-09-23,"[8, 26, 43, 6, 5, 1]","[19, 15, 10, 23, 38, 44]",0
2017-09-27,"[8, 14, 1, 23, 43, 6]","[31, 20, 17, 33, 25, 37]",0
2017-09-30,"[8, 1, 6, 35, 30, 3]","[23, 46, 19, 33, 18, 4]",0
2017-10-04,"[8, 1, 43, 26, 6, 16]","[16, 17, 15, 11, 19, 45]",1
2017-10-07,"[8, 43, 1, 26, 3, 14]","[20, 11, 30, 24, 21, 49]",0
2017-10-11,"[8, 16, 23, 26, 11, 19]","[17, 6, 3, 20, 21, 42]",0
2017-10-14,"[1, 26, 3, 15, 16, 25]","[40, 35, 7, 9, 13, 10]",0
2017-10-18,"[1, 43, 26, 8, 31, 15]","[7, 38, 11, 13, 4, 10]",0
2017-10-21,"[26, 1, 31, 30, 37, 4]","[4, 10, 15, 25, 46, 34]",1
2017-10-25,"[8, 24, 1, 26, 43, 25]","[1, 42, 18, 32, 36, 29]",1
2017-10-28,"[8, 43, 24, 11, 6, 7]","[24, 20, 1, 33, 22, 36]",1
2017-11-01,"[24, 8, 11, 1, 26, 25]","[8, 15, 21, 3, 31, 18]",1
2017-11-04,"[6, 8, 26, 37, 30, 20]","[7, 21, 3, 14, 47, 46]",0
2017-11-08,"[43, 48, 8, 24, 6, 20]","[43, 24, 37, 7, 14, 38]",2
2017-11-11,"[8, 20, 6, 14, 10, 24]","[11, 16, 7, 19, 37, 1]",0
2017-11-15,"[8, 11, 6, 20, 10, 4]","[6, 35, 23, 40, 46, 45]",1
2017-11-18,"[24, 11, 3, 21, 40, 14]","[20, 9, 35, 12, 5, 2]",0
2017-11-22,"[24, 1, 11, 29, 20, 48]","[24, 29, 48, 32, 28, 34]",3
2017-11-25,"[24, 3, 21, 20, 46, 7]","[20, 37, 11, 17, 43, 26]",1
2017-11-29,"[8, 24, 7, 11, 3, 20]","[16, 28, 9, 25, 32, 30]",0
2017-12-02,"[24, 20, 1, 8, 11, 7]","[3, 17, 18, 13, 33, 12]",0
2017-12-06,"[11, 27, 1, 7, 8, 48]","[11, 35, 29, 19, 43, 18]",1
2017-12-09,"[24, 8, 20, 7, 3, 14]","[20, 7, 16, 12, 25, 46]",2
2017-12-13,"[27, 24, 1, 26, 3, 9]","[27, 3, 9, 2, 17, 14]",3
2017-12-16,"[36, 44, 31, 48, 1, 8]","[30, 40, 6, 23, 5, 18]",0
2017-12-20,"[20, 24, 43, 1, 44, 10]","[44, 35, 8, 13, 38, 39]",1
2017-12-23,"[24, 8, 48, 9, 20, 26]","[11, 4, 31, 32, 38, 39]",0
2017-12-27,"[8, 24, 11, 43, 20, 15]","[17, 31, 19, 45, 37, 46]",0
2017-12-30,"[24, 8, 3, 9, 20, 16]","[14, 12, 27, 48, 11, 37]",0
2018-01-03,"[8, 12, 24, 14, 11, 3]","[10, 31, 15, 34, 35, 45]",0
2018-01-06,"[8, 24, 14, 12, 3, 7]","[14, 5, 46, 32, 37, 47]",1
2018-01-10,"[12, 8, 24, 10, 41, 14]","[24, 22, 43, 3, 45, 25]",1
2018-01-13,"[12, 8, 41, 11, 35, 14]","[14, 5, 48, 6, 31, 16]",1
2018-01-17,"[41, 11, 35, 12, 42, 1]","[27, 32, 25, 3, 13, 48]",0
2018-01-20,"[8, 24, 11, 1, 12, 42]","[11, 15, 3, 45, 33, 18]",1
2018-01-24,"[41, 1, 42, 24, 8, 6]","[5, 3, 37, 31, 18, 45]",0
2018-01-27,"[8, 42, 24, 41, 1, 5]","[24, 22, 43, 34, 4, 36]",1
2018-01-31,"[8, 24, 32, 41, 14, 43]","[8, 6, 26, 3, 29, 38]",1
2018-02-03,"[41, 42, 31, 43, 1, 27]","[5, 20, 39, 48, 9, 13]",0
2018-02-07,"[8, 42, 41, 1, 6, 26]","[41, 28, 25, 15, 20, 33]",1
2018-02-10,"[8, 43, 31, 24, 48, 6]","[45, 27, 20, 41, 17, 35]",0
2018-02-14,"[8, 31, 43, 5, 24, 13]","[24, 6, 22, 16, 23, 20]",1
2018-02-17,"[31, 8, 6, 26, 43, 1]","[26, 37, 15, 18, 27, 42]",1
2018-02-21,"[8, 43, 48, 24, 25, 13]","[8, 6, 3, 29, 47, 40]",1
2018-02-24,"[8, 3, 49, 42, 5, 2]","[44, 41, 33, 27, 18, 47]",0
2018-02-28,"[49, 8, 25, 22, 16, 9]","[6, 47, 43, 15, 36, 32]",0
2018-03-03,"[8, 42, 15, 43, 6, 24]","[24, 5, 40, 28, 44, 37]",1
2018-03-07,"[24, 8, 15, 10, 49, 42]","[24, 42, 5, 28, 30, 35]",2
2018-03-10,"[15, 5, 8, 43, 24, 6]","[8, 40, 49, 35, 34, 19]",1
2018-03-14,"[15, 5, 6, 43, 16, 49]","[13, 38, 30, 45, 48, 18]",0
2018-03-17,"[5, 49, 6, 24, 10, 28]","[17, 22, 29, 7, 46, 1]",0
2018-03-21,"[21, 42, 5, 8, 49, 6]","[26, 43, 29, 20, 38, 48]",0
2018-03-24,"[48, 24, 42, 49, 43, 8]","[42, 27, 3, 16, 34, 45]",1
2018-03-28,"[8, 21, 24, 7, 6, 39]","[38, 23, 1, 25, 31, 47]",0
2018-03-31,"[8, 24, 7, 21, 39, 28]","[8, 15, 48, 1, 12, 46]",1
2018-04-04,"[21, 39, 8, 1, 42, 4]","[28, 30, 46, 13, 23, 33]",0
2018-04-07,"[8, 24, 42, 43, 20, 40]","[34, 12, 19, 15, 27, 47]",0
2018-04-11,"[8, 21, 1, 12, 20, 15]","[20, 25, 9, 44, 27, 48]",1
2018-04-14,"[21, 10, 12, 13, 8, 39]","[42, 9, 4, 33, 34, 47]",0
2018-04-18,"[39, 12, 13, 15, 41, 8]","[10, 7, 4, 37, 35, 2]",0
2018-04-21,"[1, 39, 12, 41, 21, 10]","[12, 38, 15, 29, 23, 19]",1
2018-04-25,"[10, 1, 21, 39, 25, 6]","[10, 25, 6, 4, 17, 11]",3
2018-04-28,"[24, 39, 1, 28, 31, 38]","[33, 2, 9, 48, 47, 11]",0
2018-05-02,"[41, 39, 1, 10, 11, 13]","[12, 42, 19, 5, 3, 44]",0
2018-05-05,"[41, 10, 39, 25, 23, 28]","[17, 1, 5, 34, 31, 49]",0
2018-05-09,"[41, 39, 10, 25, 26, 22]","[25, 43, 9, 37, 3, 31]",1
2018-05-12,"[10, 21, 41, 13, 6, 15]","[29, 42, 36, 27, 23, 38]",0
2018-05-16,"[10, 34, 42, 33, 6, 28]","[34, 19, 12, 2, 13, 46]",1
2018-05-19,"[10, 12, 48, 41, 25, 19]","[41, 4, 3, 27, 49, 44]",1
2018-05-23,"[12, 9, 10, 43, 22, 13]","[36, 7, 16, 29, 45, 47]",0
2018-05-26,"[10, 12, 8, 9, 6, 13]","[10, 16, 24, 48, 47, 27]",1
2018-05-30,"[10, 12, 9, 8, 42, 34]","[23, 29, 48, 15, 38, 35]",0
2018-06-02,"[10, 12, 9, 23, 8, 34]","[10, 19, 31, 24, 1, 30]",1
2018-06-06,"[12, 1, 23, 24, 42, 9]","[42, 13, 3, 8, 15, 18]",1
2018-06-09,"[12, 6, 1, 21, 4, 24]","[34, 42, 16, 39, 13, 35]",0
2018-06-13,"[10, 8, 42, 4, 12, 24]","[10, 4, 6, 3, 46, 48]",2
2018-06-16,"[4, 41, 1, 24, 22, 6]","[4, 19, 40, 31, 46, 33]",1
2018-06-20,"[8, 42, 10, 6, 24, 41]","[6, 43, 33, 22, 31, 36]",1
2018-06-23,"[10, 42, 8, 4, 24, 31]","[6, 49, 29, 25, 17, 48]",0
2018-06-27,"[10, 8, 4, 18, 39, 13]","[13, 35, 17, 37, 46, 45]",1
2018-06-30,"[10, 24, 8, 16, 4, 5]","[24, 16, 42, 40, 38, 37]",2
2018-07-04,"[10, 8, 42, 31, 6, 22]","[10, 25, 37, 5, 1, 32]",1
2018-07-07,"[21, 1, 18, 4, 26, 39]","[18, 2, 5, 25, 36, 13]",1
2018-07-11,"[21, 31, 42, 10, 1, 4]","[42, 1, 18, 3, 28, 44]",2
2018-07-14,"[10, 26, 39, 22, 8, 6]","[41, 30, 40, 49, 48, 47]",0
2018-07-18,"[27, 23, 38, 30, 39, 15]","[22, 5, 41, 19, 33, 14]",0
2018-07-21,"[1, 8, 10, 13, 6, 39]","[1, 6, 49, 20, 7, 29]",2
2018-07-25,"[26, 13, 39, 11, 27, 12]","[39, 8, 41, 9, 43, 40]",1
2018-07-28,"[10, 6, 14, 22, 11, 9]","[11, 7, 35, 36, 34, 31]",1
2018-08-01,"[8, 10, 26, 22, 40, 16]","[22, 25, 2, 32, 46, 45]",1
2018-08-04,"[8, 40, 41, 5, 10, 22]","[25, 6, 36, 31, 30, 29]",0
2018-08-08,"[10, 8, 40, 6, 26, 41]","[8, 40, 26, 18, 11, 49]",3
2018-08-11,"[8, 10, 6, 40, 49, 5]","[8, 10, 5, 36, 47, 46]",3
2018-08-15,"[6, 36, 41, 28, 22, 10]","[6, 18, 24, 29, 13, 31]",1
2018-08-18,"[6, 1, 41, 40, 27, 26]","[1, 14, 34, 46, 42, 3]",1
2018-08-22,"[6, 49, 41, 28, 27, 8]","[6, 7, 15, 26, 16, 32]",1
2018-08-25,"[40, 1, 36, 27, 6, 8]","[8, 31, 37, 16, 20, 15]",1
2018-08-29,"[1, 26, 6, 21, 36, 40]","[21, 22, 39, 24, 3, 17]",1
2018-09-01,"[1, 26, 6, 8, 7, 40]","[21, 39, 4, 38, 12, 46]",0
2018-09-05,"[8, 18, 28, 6, 40, 26]","[15, 9, 13, 37, 3, 46]",0
2018-09-08,"[28, 26, 8, 2, 6, 41]","[6, 27, 29, 30, 44, 23]",1
2018-09-12,"[8, 39, 6, 26, 18, 24]","[24, 28, 13, 7, 32, 31]",1
2018-09-15,"[8, 1, 39, 26, 2, 6]","[1, 39, 26, 14, 27, 12]",3
2018-09-19,"[6, 1, 26, 41, 12, 27]","[19, 5, 8, 30, 3, 47]",0
2018-09-22,"[21, 6, 18, 23, 41, 16]","[41, 42, 33, 17, 37, 47]",1
2018-09-26,"[12, 28, 41, 27, 39, 16]","[38, 18, 25, 44, 10, 36]",0
2018-09-29,"[8, 39, 21, 28, 24, 4]","[4, 9, 5, 19, 16, 45]",1
2018-10-03,"[28, 27, 1, 19, 24, 13]","[9, 29, 30, 39, 33, 3]",0
2018-10-06,"[43, 21, 8, 41, 12, 28]","[21, 26, 27, 2, 33, 45]",1
2018-10-10,"[43, 8, 18, 28, 27, 41]","[18, 1, 14, 37, 32, 45]",1
2018-10-13,"[43, 27, 28, 1, 8, 5]","[27, 9, 36, 7, 11, 3]",1
2018-10-17,"[25, 43, 1, 28, 5, 26]","[7, 24, 36, 35, 20, 9]",0
2018-10-20,"[1, 8, 43, 26, 39, 5]","[2, 16, 13, 32, 47, 45]",0
2018-10-24,"[18, 28, 43, 22, 23, 27]","[41, 24, 5, 32, 37, 13]",0
2018-10-27,"[43, 21, 28, 7, 8, 2]","[8, 30, 35, 40, 38, 47]",1
2018-10-31,"[32, 28, 9, 7, 5, 18]","[6, 16, 22, 40, 4, 13]",0
2018-11-03,"[1, 33, 5, 26, 27, 18]","[18, 6, 49, 28, 42, 20]",1
2018-11-07,"[21, 9, 43, 7, 23, 24]","[41, 4, 31, 37, 15, 42]",0
2018-11-10,"[9, 7, 43, 40, 21, 22]","[40, 41, 14, 29, 13, 3]",1
2018-11-14,"[43, 9, 21, 1, 26, 7]","[9, 22, 4, 41, 27, 31]",1
2018-11-17,"[43, 1, 9, 26, 6, 7]","[6, 18, 39, 40, 31, 3]",1
2018-11-21,"[9, 43, 1, 23, 26, 24]","[24, 42, 30, 29, 18, 47]",1
2018-11-24,"[21, 9, 43, 26, 41, 22]","[40, 37, 20, 14, 15, 45]",0
2018-11-28,"[21, 43, 9, 22, 28, 41]","[28, 26, 49, 23, 31, 48]",1
2018-12-01,"[41, 21, 9, 22, 1, 28]","[6, 23, 27, 8, 46, 31]",0
2018-12-05,"[43, 1, 21, 9, 26, 25]","[29, 13, 49, 48, 36, 47]",0
2018-12-08,"[43, 21, 12, 11, 10, 17]","[12, 44, 26, 25, 46, 6]",1
2018-12-12,"[21, 43, 10, 11, 26, 22]","[7, 20, 34, 48, 33, 3]",0
2018-12-15,"[21, 1, 43, 11, 10, 40]","[1, 23, 30, 37, 45, 31]",1
2018-12-19,"[21, 43, 26, 12, 20, 7]","[12, 19, 32, 4, 34, 41]",1
2018-12-22,"[21, 43, 1, 17, 26, 10]","[21, 43, 20, 25, 8, 44]",2
2018-12-26,"[43, 21, 20, 17, 26, 12]","[43, 22, 30, 2, 16, 36]",1
2018-12-29,"[43, 21, 1, 10, 39, 26]","[14, 25, 4, 38, 44, 47]",0
2019-01-02,"[43, 26, 21, 39, 25, 12]","[17, 19, 5, 36, 13, 15]",0
2019-01-05,"[1, 43, 21, 26, 28, 6]","[4, 31, 22, 16, 40, 45]",0
2019-01-09,"[21, 43, 4, 26, 7, 17]","[7, 22, 14, 8, 44, 29]",1
2019-01-12,"[43, 4, 1, 21, 14, 26]","[4, 25, 9, 38, 40, 31]",1
2019-01-16,"[21, 43, 4, 26, 1, 7]","[5, 12, 13, 6, 35, 31]",0
2019-01-19,"[1, 14, 21, 26, 43, 40]","[12, 36, 24, 6, 29, 47]",0
2019-01-23,"[21, 43, 22, 26, 44, 25]","[7, 35, 42, 33, 37, 6]",0
2019-01-26,"[21, 43, 26, 14, 12, 22]","[16, 35, 29, 31, 18, 47]",0
2019-01-30,"[21, 43, 39, 44, 12, 7]","[7, 22, 13, 19, 36, 23]",1
2019-02-02,"[43, 21, 14, 1, 26, 44]","[21, 30, 34, 3, 37, 29]",1
2019-02-06,"[43, 12, 22, 21, 14, 20]","[22, 21, 5, 10, 36, 33]",2
2019-02-09,"[43, 12, 4, 5, 1, 28]","[2, 39, 49, 42, 32, 34]",0
2019-02-13,"[12, 43, 18, 22, 7, 17]","[43, 31, 42, 23, 5, 11]",1
2019-02-16,"[12, 43, 22, 7, 28, 20]","[22, 11, 10, 6, 9, 18]",1
2019-02-20,"[27, 37, 18, 29, 3, 43]","[11, 5, 19, 21, 12, 48]",0
2019-02-23,"[43, 12, 7, 5, 23, 1]","[27, 8, 15, 21, 47, 29]",0
2019-02-27,"[43, 5, 7, 10, 12, 22]","[19, 49, 24, 13, 20, 11]",0
2019-03-02,"[43, 22, 5, 10, 28, 2]","[42, 41, 48, 38, 49, 46]",0
2019-03-06,"[6, 31, 37, 29, 24, 3]","[37, 9, 35, 46, 43, 1]",1
2019-03-09,"[5, 17, 22, 10, 20, 8]","[22, 20, 8, 32, 12, 38]",3
2019-03-13,"[43, 21, 28, 39, 5, 1]","[20, 19, 15, 33, 36, 34]",0
2019-03-16,"[43, 21, 22, 39, 28, 12]","[22, 39, 10, 20, 14, 46]",2
2019-03-20,"[43, 21, 12, 28, 5, 38]","[4, 9, 19, 40, 47, 44]",0
2019-03-23,"[28, 12, 11, 43, 8, 17]","[23, 26, 29, 3, 44, 42]",0
2019-03-27,"[28, 12, 11, 43, 4, 23]","[10, 15, 40, 48, 36, 31]",0
2019-03-30,"[28, 22, 39, 11, 10, 9]","[28, 26, 49, 46, 3, 29]",1
2019-04-03,"[11, 10, 22, 39, 43, 9]","[22, 9, 7, 5, 13, 2]",2
2019-04-06,"[6, 25, 37, 3, 27, 15]","[41, 32, 42, 12, 23, 21]",0
2019-04-10,"[10, 21, 26, 11, 43, 28]","[21, 39, 4, 1, 22, 37]",1
2019-04-13,"[10, 11, 26, 15, 39, 20]","[27, 4, 19, 36, 41, 29]",0
2019-04-17,"[10, 39, 43, 28, 21, 26]","[11, 42, 18, 27, 38, 45]",0
2019-04-20,"[39, 26, 11, 43, 21, 23]","[41, 6, 19, 8, 25, 29]",0
2019-04-24,"[43, 26, 11, 1, 17, 39]","[11, 1, 9, 44, 49, 47]",2
2019-04-27,"[9, 11, 25, 34, 26, 7]","[2, 14, 13, 48, 19, 47]",0
2019-05-01,"[26, 21, 28, 11, 43, 24]","[4, 16, 27, 38, 31, 47]",0
2019-05-04,"[26, 43, 28, 11, 39, 49]","[1, 24, 42, 19, 29, 35]",0
2019-05-08,"[26, 28, 43, 11, 2, 39]","[5, 10, 41, 38, 16, 15]",0
2019-05-11,"[28, 26, 11, 38, 6, 4]","[25, 15, 10, 31, 42, 47]",0
2019-05-15,"[28, 26, 10, 11, 1, 6]","[21, 18, 13, 35, 36, 45]",0
2019-05-18,"[28, 26, 10, 43, 11, 39]","[26, 43, 11, 39, 32, 47]",4
2019-05-22,"[26, 28, 10, 6, 23, 9]","[6, 16, 41, 49, 40, 46]",1
2019-05-25,"[26, 28, 10, 39, 15, 43]","[15, 12, 6, 1, 21, 36]",1
2019-05-29,"[26, 28, 1, 17, 43, 41]","[2, 32, 40, 8, 29, 44]",0
2019-06-01,"[28, 26, 43, 17, 39, 41]","[15, 25, 3, 22, 30, 29]",0
2019-06-05,"[1, 43, 26, 41, 28, 21]","[2, 6, 11, 42, 49, 3]",0
2019-06-08,"[33, 1, 34, 10, 48, 41]","[1, 17, 21, 13, 44, 45]",1
2019-06-12,"[28, 26, 43, 33, 10, 41]","[41, 24, 2, 21, 42, 47]",1
2019-06-15,"[28, 17, 26, 43, 39, 33]","[43, 33, 6, 40, 4, 27]",2
2019-06-19,"[28, 26, 1, 17, 34, 43]","[11, 23, 41, 4, 20, 38]",0
2019-06-22,"[26, 17, 28, 43, 1, 2]","[11, 10, 12, 30, 49, 21]",0
2019-06-26,"[26, 28, 2, 43, 39, 1]","[34, 13, 48, 19, 42, 21]",0
2019-06-29,"[28, 17, 26, 2, 43, 39]","[43, 1, 34, 8, 31, 45]",1
2019-07-03,"[28, 17, 26, 23, 12, 10]","[2, 39, 37, 42, 48, 45]",0
2019-07-06,"[28, 17, 26, 49, 41, 22]","[22, 40, 27, 19, 45, 46]",1
2019-07-10,"[28, 2, 26, 1, 43, 6]","[39, 37, 30, 3, 25, 14]",0
2019-07-13,"[28, 17, 26, 2, 39, 43]","[26, 10, 30, 42, 3, 29]",1
2019-07-17,"[28, 39, 17, 2, 26, 41]","[40, 19, 48, 8, 29, 47]",0
2019-07-20,"[28, 17, 39, 26, 2, 33]","[24, 35, 9, 5, 36, 29]",0
2019-07-24,"[28, 17, 26, 39, 2, 1]","[39, 1, 40, 45, 27, 23]",2
2019-07-27,"[17, 28, 26, 2, 10, 34]","[17, 5, 16, 23, 35, 21]",1
2019-07-31,"[28, 1, 26, 34, 5, 33]","[1, 22, 23, 35, 13, 17]",1
2019-08-03,"[28, 1, 26, 10, 27, 2]","[2, 34, 40, 3, 44, 42]",1
2019-08-07,"[26, 2, 28, 5, 27, 43]","[27, 15, 30, 46, 21, 47]",1
2019-08-10,"[28, 26, 2, 10, 39, 23]","[10, 16, 35, 8, 1, 18]",1
2019-08-14,"[26, 28, 31, 36, 1, 33]","[15, 39, 18, 41, 3, 30]",0
2019-08-17,"[28, 26, 7, 33, 6, 1]","[28, 33, 6, 9, 2, 45]",3
2019-08-21,"[7, 26, 25, 15, 28, 31]","[39, 30, 12, 45, 46, 44]",0
2019-08-24,"[26, 28, 23, 15, 31, 24]","[9, 42, 38, 5, 44, 29]",0
2019-08-28,"[28, 26, 23, 6, 24, 43]","[31, 17, 22, 10, 34, 14]",0
2019-08-31,"[28, 26, 1, 39, 24, 10]","[2, 36, 25, 5, 17, 3]",0
2019-09-04,"[28, 26, 7, 24, 39, 30]","[28, 27, 36, 34, 42, 29]",1
2019-09-07,"[2, 26, 30, 28, 39, 17]","[28, 36, 29, 9, 35, 11]",1
2019-09-11,"[28, 26, 2, 30, 1, 39]","[28, 17, 8, 38, 42, 3]",1
2019-09-14,"[26, 30, 39, 6, 35, 43]","[26, 43, 31, 24, 16, 34]",2
2019-09-18,"[26, 28, 17, 30, 39, 35]","[34, 24, 44, 18, 46, 48]",0
2019-09-21,"[26, 7, 36, 22, 38, 6]","[16, 23, 14, 12, 37, 47]",0
2019-09-25,"[28, 26, 17, 7, 23, 6]","[7, 23, 33, 5, 15, 37]",2
2019-09-28,"[26, 28, 17, 1, 25, 6]","[27, 43, 13, 24, 30, 44]",0
2019-10-02,"[28, 26, 17, 23, 43, 14]","[26, 33, 48, 31, 3, 29]",1
2019-10-05,"[28, 17, 26, 6, 23, 5]","[17, 36, 27, 8, 49, 47]",1
2019-10-09,"[28, 26, 24, 16, 34, 6]","[12, 22, 32, 40, 2, 45]",0
2019-10-12,"[28, 26, 34, 24, 43, 6]","[23, 44, 36, 4, 42, 45]",0
2019-10-16,"[17, 28, 26, 24, 13, 6]","[17, 12, 31, 5, 9, 38]",1
2019-10-19,"[1, 24, 26, 28, 7, 27]","[7, 33, 4, 38, 11, 39]",1
2019-10-23,"[26, 28, 1, 24, 27, 5]","[26, 1, 16, 7, 19, 31]",2
2019-10-26,"[1, 17, 26, 27, 7, 24]","[1, 17, 11, 44, 2, 37]",2
2019-10-30,"[28, 26, 27, 25, 18, 15]","[28, 23, 22, 11, 48, 44]",1
2019-11-02,"[26, 28, 17, 7, 23, 12]","[17, 6, 15, 25, 21, 41]",1
2019-11-06,"[26, 1, 28, 7, 20, 6]","[7, 32, 39, 11, 46, 45]",1
2019-11-09,"[28, 26, 18, 23, 6, 12]","[28, 9, 33, 40, 31, 44]",1
2019-11-13,"[28, 26, 7, 23, 33, 39]","[17, 18, 38, 20, 44, 29]",0
2019-11-16,"[28, 26, 7, 33, 14, 23]","[28, 1, 16, 4, 25, 47]",1
2019-11-20,"[26, 7, 14, 6, 28, 32]","[7, 10, 18, 2, 31, 42]",1
2019-11-23,"[26, 28, 33, 6, 1, 39]","[26, 28, 5, 24, 36, 11]",2
2019-11-27,"[1, 7, 26, 24, 25, 5]","[1, 33, 41, 20, 40, 12]",1
2019-11-30,"[7, 33, 26, 17, 12, 24]","[33, 5, 38, 43, 42, 47]",1
2019-12-04,"[14, 6, 13, 19, 24, 27]","[13, 12, 35, 46, 48, 45]",1
2019-12-07,"[14, 7, 28, 6, 33, 5]","[20, 19, 11, 2, 43, 13]",0
2019-12-11,"[7, 6, 33, 1, 14, 5]","[14, 27, 25, 32, 36, 45]",1
2019-12-14,"[14, 28, 26, 7, 43, 32]","[20, 38, 16, 4, 34, 31]",0
2019-12-18,"[14, 28, 43, 1, 38, 26]","[25, 6, 19, 20, 48, 42]",0
2019-12-21,"[14, 38, 12, 43, 24, 25]","[14, 13, 27, 4, 20, 35]",1
2019-12-25,"[14, 38, 49, 1, 27, 30]","[33, 22, 41, 36, 17, 47]",0
2019-12-28,"[14, 33, 1, 27, 7, 12]","[7, 12, 23, 19, 18, 24]",2
2020-01-01,"[1, 7, 14, 26, 11, 32]","[7, 37, 13, 17, 44, 42]",1
2020-01-04,"[14, 43, 26, 7, 32, 24]","[7, 18, 27, 30, 1, 13]",1
2020-01-08,"[14, 1, 24, 6, 2, 25]","[2, 25, 11, 27, 35, 3]",2
2020-01-11,"[24, 25, 1, 6, 4, 14]","[28, 19, 37, 10, 48, 42]",0
2020-01-15,"[20, 14, 7, 26, 6, 25]","[24, 43, 2, 31, 8, 46]",0
2020-01-18,"[14, 20, 26, 25, 28, 7]","[14, 32, 22, 43, 12, 41]",1
2020-01-22,"[14, 26, 7, 43, 18, 28]","[23, 16, 33, 41, 3, 47]",0
2020-01-25,"[14, 26, 7, 24, 6, 42]","[43, 28, 30, 12, 9, 34]",0
2020-01-29,"[14, 26, 7, 43, 12, 24]","[24, 49, 22, 17, 39, 48]",1
2020-02-01,"[14, 7, 18, 2, 23, 12]","[7, 12, 32, 8, 47, 42]",2
2020-02-05,"[14, 26, 43, 7, 12, 25]","[16, 49, 37, 13, 39, 31]",0
2020-02-08,"[14, 43, 7, 28, 26, 2]","[30, 10, 1, 38, 36, 42]",0
2020-02-12,"[28, 14, 26, 43, 22, 24]","[24, 2, 10, 41, 49, 31]",1
2020-02-15,"[14, 28, 26, 43, 37, 24]","[22, 40, 20, 5, 11, 2]",0
2020-02-19,"[1, 14, 16, 6, 29, 33]","[22, 7, 11, 3, 27, 42]",0
2020-02-22,"[1, 7, 49, 26, 29, 6]","[6, 24, 32, 21, 11, 31]",1
2020-02-26,"[7, 1, 14, 26, 24, 28]","[2, 5, 33, 18, 47, 45]",0
2020-02-29,"[7, 29, 26, 14, 28, 5]","[29, 8, 10, 9, 3, 42]",1
2020-03-04,"[29, 22, 7, 1, 24, 3]","[29, 22, 14, 19, 46, 47]",2
2020-03-07,"[24, 7, 28, 49, 32, 2]","[26, 9, 16, 11, 36, 44]",0
2020-03-11,"[26, 28, 49, 22, 1, 24]","[49, 24, 23, 41, 7, 47]",2
2020-03-14,"[26, 28, 49, 24, 10, 22]","[49, 2, 19, 38, 11, 30]",1
2020-03-18,"[26, 49, 28, 15, 24, 22]","[28, 22, 19, 13, 31, 34]",2
2020-03-21,"[26, 28, 1, 49, 24, 32]","[26, 1, 36, 34, 22, 4]",2
2020-03-25,"[15, 49, 24, 26, 28, 1]","[49, 6, 18, 21, 35, 11]",1
2020-03-28,"[26, 29, 28, 15, 4, 1]","[28, 4, 2, 39, 36, 46]",2
2020-04-01,"[26, 15, 29, 37, 49, 6]","[15, 4, 39, 22, 46, 48]",1
2020-04-04,"[26, 29, 49, 31, 39, 9]","[9, 24, 12, 17, 41, 43]",1
2020-04-08,"[26, 29, 24, 1, 28, 18]","[18, 25, 5, 44, 31, 22]",1
2020-04-11,"[26, 49, 1, 28, 4, 29]","[26, 29, 18, 13, 47, 42]",2
2020-04-15,"[49, 26, 28, 4, 2, 6]","[24, 11, 27, 30, 46, 22]",0
2020-04-18,"[49, 26, 24, 28, 2, 4]","[28, 39, 15, 35, 11, 42]",1
2020-04-22,"[26, 49, 24, 4, 6, 2]","[49, 9, 39, 13, 29, 34]",1
2020-04-25,"[49, 26, 15, 4, 9, 28]","[4, 25, 17, 19, 30, 11]",1
2020-04-29,"[1, 37, 26, 15, 7, 25]","[1, 7, 36, 5, 41, 32]",2
2020-05-02,"[37, 25, 27, 40, 17, 26]","[27, 10, 16, 49, 4, 11]",1
2020-05-06,"[49, 37, 4, 25, 6, 17]","[5, 31, 19, 34, 43, 47]",0
2020-05-09,"[49, 25, 4, 17, 18, 6]","[17, 9, 22, 2, 23, 36]",1
2020-05-13,"[49, 4, 1, 34, 26, 27]","[17, 43, 21, 12, 20, 46]",0
2020-05-16,"[49, 4, 34, 28, 37, 5]","[8, 6, 3, 48, 11, 47]",0
2020-05-20,"[4, 49, 37, 5, 25, 26]","[49, 9, 33, 42, 45, 31]",1
2020-05-23,"[49, 4, 5, 22, 2, 7]","[4, 27, 17, 1, 35, 11]",1
2020-05-27,"[37, 6, 25, 4, 40, 5]","[25, 4, 43, 39, 36, 47]",2
2020-05-30,"[49, 9, 6, 43, 25, 5]","[43, 5, 18, 33, 35, 42]",2
2020-06-03,"[4, 35, 21, 9, 27, 25]","[25, 33, 20, 38, 31, 43]",1
2020-06-06,"[25, 4, 39, 28, 17, 20]","[25, 21, 49, 18, 16, 40]",1
2020-06-10,"[4, 25, 20, 11, 5, 26]","[20, 11, 2, 17, 36, 42]",2
2020-06-13,"[22, 25, 1, 27, 9, 4]","[14, 43, 38, 20, 41, 36]",0
2020-06-17,"[25, 21, 38, 33, 4, 17]","[38, 6, 35, 48, 13, 29]",1
2020-06-20,"[25, 18, 10, 21, 27, 14]","[14, 40, 7, 2, 1, 11]",1
2020-06-24,"[37, 30, 4, 27, 9, 39]","[5, 18, 41, 34, 38, 11]",0
2020-06-27,"[37, 26, 5, 1, 25, 6]","[49, 21, 14, 27, 24, 42]",0
2020-07-01,"[49, 25, 6, 20, 5, 26]","[2, 32, 39, 38, 36, 44]",0
2020-07-04,"[25, 20, 28, 5, 18, 40]","[6, 49, 19, 33, 17, 36]",0
2020-07-08,"[37, 6, 40, 26, 24, 28]","[28, 15, 41, 9, 23, 44]",1
2020-07-11,"[6, 40, 26, 20, 37, 21]","[32, 8, 16, 29, 38, 46]",0
2020-07-15,"[6, 10, 28, 26, 20, 40]","[20, 14, 13, 25, 35, 47]",1
2020-07-18,"[20, 25, 6, 26, 40, 23]","[25, 28, 8, 34, 49, 11]",1
2020-07-22,"[37, 20, 25, 14, 26, 6]","[25, 6, 24, 17, 44, 11]",2
2020-07-25,"[14, 26, 6, 2, 38, 1]","[2, 10, 37, 18, 4, 27]",1
2020-07-29,"[6, 27, 14, 38, 41, 28]","[34, 20, 35, 3, 43, 15]",0
2020-08-01,"[26, 14, 6, 28, 20, 35]","[20, 24, 38, 1, 39, 33]",1
2020-08-05,"[26, 6, 14, 37, 28, 25]","[6, 10, 8, 24, 33, 42]",1
2020-08-08,"[25, 26, 37, 6, 28, 4]","[25, 28, 14, 18, 48, 8]",2
2020-08-12,"[26, 14, 37, 6, 4, 28]","[4, 20, 35, 34, 45, 21]",1
2020-08-15,"[14, 26, 6, 10, 28, 30]","[40, 16, 24, 31, 46, 44]",0
2020-08-19,"[14, 6, 28, 10, 37, 4]","[18, 38, 48, 27, 5, 22]",0
2020-08-22,"[20, 14, 26, 6, 8, 37]","[8, 37, 10, 2, 29, 1]",2
2020-08-26,"[26, 33, 6, 27, 29, 4]","[26, 39, 3, 40, 18, 15]",1
2020-08-29,"[26, 8, 14, 38, 6, 1]","[1, 20, 19, 48, 12, 36]",1
2020-09-02,"[26, 38, 8, 31, 22, 15]","[6, 10, 23, 39, 45, 49]",0
2020-09-05,"[26, 8, 6, 24, 21, 22]","[3, 19, 7, 13, 1, 44]",0
2020-09-09,"[26, 30, 8, 27, 33, 31]","[22, 24, 35, 9, 46, 49]",0
2020-09-12,"[26, 10, 8, 6, 5, 31]","[40, 16, 28, 41, 45, 11]",0
2020-09-16,"[10, 26, 8, 24, 6, 5]","[8, 31, 41, 43, 44, 48]",1
2020-09-19,"[30, 10, 24, 26, 49, 6]","[23, 38, 29, 8, 1, 35]",0
2020-09-23,"[26, 30, 32, 10, 24, 5]","[26, 32, 6, 19, 33, 25]",2
2020-09-26,"[26, 1, 24, 10, 37, 3]","[8, 6, 27, 22, 12, 47]",0
2020-09-30,"[30, 26, 1, 6, 22, 24]","[5, 21, 43, 7, 20, 33]",0
2020-10-03,"[26, 30, 1, 23, 10, 19]","[10, 25, 13, 33, 20, 48]",1
2020-10-07,"[26, 1, 10, 30, 32, 48]","[5, 37, 8, 15, 38, 44]",0
2020-10-10,"[26, 1, 10, 22, 32, 28]","[22, 28, 16, 33, 4, 8]",2
2020-10-14,"[1, 48, 26, 30, 2, 16]","[26, 6, 27, 25, 20, 14]",1
2020-10-17,"[26, 48, 1, 36, 3, 23]","[48, 2, 5, 41, 9, 16]",1
2020-10-21,"[26, 3, 27, 48, 23, 17]","[23, 34, 40, 16, 47, 20]",1
2020-10-24,"[26, 32, 48, 16, 40, 23]","[40, 6, 22, 1, 24, 20]",1
2020-10-28,"[26, 48, 27, 40, 30, 21]","[36, 23, 7, 43, 12, 2]",0
2020-10-31,"[26, 30, 32, 22, 27, 1]","[26, 1, 21, 28, 11, 8]",2
2020-11-04,"[1, 30, 26, 2, 21, 32]","[2, 32, 43, 7, 17, 45]",2
2020-11-07,"[26, 37, 6, 15, 22, 10]","[40, 24, 36, 32, 33, 45]",0
2020-11-11,"[26, 6, 36, 23, 2, 28]","[37, 19, 10, 33, 38, 11]",0
2020-11-14,"[26, 1, 7, 28, 6, 2]","[1, 10, 18, 16, 37, 20]",1
2020-11-18,"[26, 30, 1, 16, 40, 6]","[41, 19, 49, 35, 29, 8]",0
2020-11-21,"[26, 16, 37, 32, 28, 6]","[13, 21, 14, 1, 25, 39]",0
2020-11-25,"[26, 40, 37, 23, 28, 12]","[10, 18, 16, 17, 30, 11]",0
2020-11-28,"[26, 3, 2, 37, 32, 28]","[2, 28, 27, 47, 35, 13]",2
2020-12-02,"[26, 30, 16, 37, 19, 12]","[32, 43, 41, 1, 2, 44]",0
2020-12-05,"[26, 30, 37, 3, 12, 4]","[12, 25, 15, 41, 33, 48]",1
2020-12-09,"[30, 26, 16, 37, 18, 29]","[13, 40, 15, 5, 3, 11]",0
2020-12-12,"[26, 30, 37, 31, 16, 29]","[39, 21, 3, 45, 2, 1]",0
2020-12-16,"[31, 29, 4, 26, 9, 23]","[19, 22, 17, 48, 1, 2]",0
2020-12-19,"[26, 16, 31, 29, 14, 4]","[31, 6, 3, 22, 48, 47]",1
2020-12-23,"[26, 23, 4, 13, 9, 14]","[13, 12, 37, 39, 38, 11]",1
2020-12-26,"[26, 4, 23, 30, 7, 9]","[7, 12, 5, 32, 13, 2]",1
2020-12-30,"[26, 30, 32, 29, 36, 28]","[40, 5, 44, 45, 8, 11]",0
2021-01-02,"[26, 3, 32, 42, 37, 46]","[30, 28, 7, 34, 16, 8]",0
2021-01-06,"[37, 26, 1, 7, 15, 32]","[37, 32, 14, 21, 38, 44]",2
2021-01-09,"[37, 26, 32, 13, 30, 3]","[30, 7, 16, 19, 20, 41]",1
2021-01-13,"[26, 13, 37, 32, 12, 49]","[26, 7, 40, 38, 23, 43]",1
2021-01-16,"[37, 32, 30, 13, 3, 26]","[37, 5, 15, 45, 35, 1]",1
2021-01-20,"[42, 26, 13, 28, 29, 12]","[42, 6, 31, 5, 35, 11]",1
2021-01-23,"[13, 26, 12, 30, 28, 6]","[13, 12, 16, 18, 32, 49]",2
2021-01-27,"[46, 26, 13, 12, 32, 5]","[15, 16, 45, 44, 1, 4]",0
2021-01-30,"[29, 46, 6, 5, 27, 10]","[6, 36, 30, 40, 33, 43]",1
2021-02-03,"[32, 5, 7, 15, 13, 26]","[6, 12, 10, 3, 34, 47]",0
2021-02-06,"[5, 46, 15, 13, 29, 27]","[38, 12, 23, 41, 48, 8]",0
2021-02-10,"[15, 5, 32, 7, 37, 26]","[5, 32, 46, 21, 27, 19]",2
2021-02-13,"[5, 15, 7, 26, 3, 37]","[15, 7, 20, 14, 29, 47]",2
2021-02-17,"[5, 7, 26, 12, 23, 15]","[10, 4, 25, 40, 48, 29]",0
2021-02-20,"[5, 32, 7, 26, 12, 6]","[26, 6, 15, 30, 3, 42]",2
2021-02-24,"[5, 12, 7, 30, 32, 25]","[5, 46, 36, 13, 1, 44]",1
2021-02-27,"[5, 7, 26, 3, 10, 30]","[4, 23, 47, 19, 2, 9]",0
2021-03-03,"[7, 12, 5, 10, 3, 26]","[10, 24, 23, 27, 9, 1]",1
2021-03-06,"[26, 7, 30, 5, 15, 31]","[7, 3, 29, 33, 1, 35]",1
2021-03-10,"[7, 26, 6, 5, 15, 21]","[7, 21, 30, 8, 46, 11]",2
2021-03-13,"[30, 15, 26, 23, 31, 5]","[19, 24, 4, 48, 47, 44]",0
2021-03-17,"[15, 23, 26, 30, 10, 21]","[30, 31, 3, 18, 41, 1]",1
2021-03-20,"[26, 15, 23, 7, 9, 6]","[15, 17, 12, 16, 2, 35]",1
2021-03-24,"[26, 23, 15, 30, 9, 27]","[23, 4, 24, 48, 14, 11]",1
2021-03-27,"[26, 15, 4, 30, 7, 23]","[4, 19, 12, 31, 13, 46]",1
2021-03-31,"[30, 12, 15, 26, 37, 9]","[12, 16, 24, 31, 48, 1]",1
2021-04-03,"[26, 30, 15, 37, 9, 23]","[23, 34, 29, 5, 40, 36]",1
2021-04-07,"[30, 26, 15, 4, 23, 46]","[9, 37, 19, 10, 18, 36]",0
2021-04-10,"[26, 4, 30, 23, 39, 19]","[4, 6, 27, 15, 9, 45]",1
2021-04-14,"[23, 26, 28, 30, 6, 39]","[20, 46, 18, 19, 2, 4]",0
2021-04-17,"[23, 26, 6, 39, 18, 15]","[26, 18, 25, 36, 22, 48]",2
2021-04-21,"[26, 15, 9, 23, 46, 37]","[37, 27, 24, 18, 47, 1]",1
2021-04-24,"[26, 15, 24, 9, 4, 6]","[24, 4, 34, 25, 48, 1]",2
2021-04-28,"[26, 9, 19, 18, 28, 49]","[23, 12, 46, 31, 13, 21]",0
2021-05-01,"[26, 9, 23, 6, 49, 19]","[37, 21, 15, 42, 43, 1]",0
2021-05-05,"[26, 9, 23, 6, 49, 19]","[6, 10, 15, 5, 21, 4]",1
2021-05-08,"[5, 19, 2, 26, 36, 6]","[23, 13, 47, 42, 10, 22]",0
2021-05-12,"[26, 39, 24, 23, 46, 6]","[18, 42, 34, 2, 44, 1]",0
2021-05-15,"[26, 39, 24, 17, 30, 6]","[26, 5, 25, 2, 41, 15]",1
2021-05-19,"[28, 39, 24, 6, 49, 46]","[7, 38, 5, 25, 14, 45]",0
2021-05-22,"[26, 39, 28, 24, 18, 4]","[17, 3, 8, 38, 43, 40]",0
2021-05-26,"[39, 26, 28, 18, 15, 4]","[23, 34, 46, 35, 44, 2]",0
2021-05-29,"[26, 4, 23, 15, 18, 20]","[10, 46, 9, 16, 44, 45]",0
2021-06-02,"[39, 26, 30, 9, 7, 6]","[39, 15, 14, 10, 35, 45]",1
2021-06-05,"[28, 26, 18, 4, 6, 7]","[31, 5, 14, 35, 44, 47]",0
2021-06-09,"[26, 18, 39, 28, 7, 6]","[7, 49, 22, 41, 17, 1]",1
2021-06-12,"[28, 26, 29, 30, 39, 27]","[29, 5, 23, 11, 49, 1]",1
2021-06-16,"[26, 6, 27, 18, 30, 33]","[25, 22, 28, 37, 44, 1]",0
2021-06-19,"[26, 25, 39, 6, 30, 32]","[11, 21, 35, 29, 36, 19]",0
2021-06-23,"[26, 25, 49, 21, 39, 6]","[6, 9, 46, 5, 20, 33]",1
2021-06-26,"[26, 32, 25, 39, 49, 9]","[19, 13, 17, 29, 24, 45]",0
2021-06-30,"[26, 49, 32, 9, 39, 21]","[32, 10, 27, 15, 4, 47]",1
2021-07-03,"[26, 39, 9, 21, 28, 49]","[9, 49, 5, 10, 20, 18]",2
2021-07-07,"[26, 11, 28, 39, 25, 6]","[8, 31, 2, 29, 23, 43]",0
2021-07-10,"[26, 39, 28, 6, 49, 24]","[25, 32, 40, 2, 47, 8]",0
2021-07-14,"[26, 11, 39, 27, 25, 28]","[26, 12, 49, 15, 33, 1]",1
2021-07-17,"[30, 39, 26, 28, 11, 27]","[30, 49, 25, 17, 38, 33]",1
2021-07-21,"[26, 30, 34, 28, 6, 29]","[39, 7, 38, 18, 8, 48]",0
2021-07-24,"[30, 26, 28, 49, 6, 24]","[14, 23, 8, 22, 3, 45]",0
2021-07-28,"[14, 29, 49, 4, 27, 28]","[10, 31, 19, 11, 47, 8]",0
2021-07-31,"[30, 28, 49, 29, 4, 25]","[4, 26, 24, 39, 8, 1]",1
2021-08-04,"[28, 49, 29, 25, 27, 4]","[6, 30, 41, 3, 5, 1]",0
2021-08-07,"[28, 42, 25, 27, 31, 36]","[30, 18, 9, 19, 40, 14]",0
2021-08-11,"[49, 14, 26, 39, 29, 25]","[49, 6, 34, 22, 12, 46]",1
2021-08-14,"[39, 26, 49, 28, 22, 14]","[39, 17, 29, 19, 2, 48]",1
2021-08-18,"[26, 28, 14, 17, 42, 22]","[22, 27, 25, 7, 43, 48]",1
2021-08-21,"[49, 26, 14, 28, 17, 18]","[7, 23, 16, 15, 12, 19]",0
2021-08-25,"[11, 5, 4, 42, 3, 39]","[11, 24, 6, 12, 33, 9]",1
2021-08-28,"[26, 9, 39, 29, 30, 27]","[24, 25, 11, 18, 41, 46]",0
2021-09-01,"[30, 9, 26, 39, 7, 6]","[39, 49, 16, 3, 5, 48]",1
2021-09-04,"[49, 30, 36, 39, 27, 34]","[39, 20, 15, 5, 44, 2]",1
2021-09-08,"[28, 26, 36, 49, 6, 42]","[30, 23, 41, 13, 21, 44]",0
2021-09-11,"[49, 26, 6, 30, 39, 28]","[6, 34, 25, 23, 43, 33]",1
2021-09-15,"[26, 39, 6, 22, 30, 49]","[27, 41, 37, 40, 21, 8]",0
2021-09-18,"[26, 39, 6, 30, 27, 28]","[6, 9, 49, 36, 21, 34]",1
2021-09-22,"[26, 49, 6, 39, 42, 32]","[22, 31, 13, 3, 21, 5]",0
2021-09-25,"[39, 42, 26, 27, 28, 24]","[27, 41, 20, 30, 19, 47]",1
2021-09-29,"[26, 3, 39, 6, 30, 28]","[14, 36, 11, 16, 31, 43]",0
2021-10-02,"[28, 26, 6, 39, 3, 27]","[43, 10, 4, 15, 7, 46]",0
2021-10-06,"[28, 6, 42, 32, 38, 27]","[27, 3, 10, 40, 8, 29]",1
2021-10-09,"[28, 6, 42, 41, 26, 34]","[17, 49, 8, 47, 11, 1]",0
2021-10-13,"[26, 42, 4, 6, 38, 7]","[4, 7, 31, 10, 18, 35]",2
2021-10-16,"[28, 26, 6, 34, 42, 3]","[34, 7, 21, 27, 20, 29]",1
2021-10-20,"[28, 26, 34, 37, 42, 22]","[37, 43, 7, 15, 24, 16]",1
2021-10-23,"[28, 26, 32, 17, 3, 6]","[28, 26, 19, 10, 22, 1]",2
2021-10-27,"[27, 26, 28, 21, 43, 36]","[21, 25, 20, 16, 1, 45]",1
2021-10-30,"[28, 26, 32, 42, 6, 7]","[42, 6, 11, 31, 15, 45]",2
2021-11-03,"[28, 26, 32, 36, 17, 38]","[28, 14, 13, 10, 49, 44]",1
2021-11-06,"[26, 32, 21, 20, 17, 42]","[6, 27, 31, 9, 41, 44]",0
2021-11-10,"[26, 28, 27, 32, 42, 17]","[32, 16, 6, 22, 8, 15]",1
2021-11-13,"[26, 27, 28, 36, 21, 38]","[3, 25, 42, 6, 10, 4]",0
2021-11-17,"[27, 26, 31, 20, 7, 25]","[25, 21, 28, 47, 15, 5]",1
2021-11-20,"[26, 27, 39, 38, 31, 9]","[26, 31, 24, 40, 8, 47]",2
2021-11-24,"[26, 27, 28, 36, 22, 32]","[9, 24, 25, 19, 2, 5]",0
2021-11-27,"[26, 33, 36, 42, 29, 21]","[36, 29, 7, 37, 14, 15]",2
2021-12-01,"[26, 28, 42, 9, 10, 32]","[12, 13, 34, 5, 8, 49]",0
2021-12-04,"[26, 38, 31, 33, 42, 39]","[31, 9, 40, 44, 46, 1]",1
2021-12-08,"[33, 39, 26, 35, 32, 30]","[39, 26, 18, 16, 44, 15]",2
2021-12-11,"[26, 28, 7, 31, 42, 24]","[9, 40, 23, 49, 46, 1]",0
2021-12-15,"[33, 26, 39, 36, 42, 37]","[26, 28, 17, 4, 10, 5]",1
2021-12-18,"[31, 27, 42, 28, 26, 33]","[28, 25, 16, 43, 46, 10]",1
2021-12-22,"[39, 32, 38, 37, 26, 42]","[37, 33, 40, 13, 48, 46]",1
2021-12-25,"[38, 39, 32, 30, 27, 23]","[27, 42, 41, 14, 15, 46]",1
2021-12-29,"[32, 38, 28, 26, 39, 16]","[20, 14, 6, 31, 10, 46]",0
2022-01-01,"[26, 38, 32, 39, 28, 7]","[16, 14, 13, 24, 10, 15]",0
2022-01-05,"[1, 2, 32, 5, 4, 39]","[2, 32, 4, 6, 7, 41]",3
2022-01-08,"[31, 38, 6, 35, 4, 28]","[38, 19, 32, 2, 30, 17]",1
2022-01-12,"[26, 37, 14, 42, 4, 28]","[38, 33, 16, 48, 32, 10]",0
2022-01-15,"[37, 42, 28, 30, 26, 4]","[42, 43, 5, 48, 49, 34]",1
2022-01-19,"[22, 36, 39, 41, 38, 18]","[43, 17, 19, 49, 48, 45]",0
2022-01-22,"[33, 38, 36, 30, 41, 23]","[13, 7, 49, 9, 5, 46]",0
2022-01-26,"[36, 38, 37, 33, 42, 30]","[3, 41, 8, 23, 19, 15]",0
2022-01-29,"[38, 42, 35, 4, 2, 27]","[2, 24, 26, 17, 3, 15]",1
2022-02-02,"[32, 42, 33, 38, 37, 28]","[33, 28, 27, 20, 40, 44]",2
2022-02-05,"[42, 37, 32, 17, 28, 14]","[17, 26, 19, 4, 39, 45]",1
2022-02-09,"[42, 30, 37, 36, 28, 4]","[25, 32, 26, 16, 33, 45]",0
2022-02-12,"[42, 32, 30, 28, 17, 38]","[17, 39, 13, 2, 48, 31]",1
2022-02-16,"[30, 42, 36, 38, 28, 37]","[30, 7, 16, 43, 29, 33]",1
2022-02-19,"[42, 28, 3, 26, 32, 30]","[3, 27, 24, 2, 45, 10]",1
2022-02-23,"[36, 35, 33, 12, 38, 11]","[11, 24, 7, 5, 15, 47]",1
2022-02-26,"[35, 17, 38, 33, 39, 36]","[33, 16, 6, 43, 49, 45]",1
2022-03-02,"[28, 17, 30, 38, 42, 25]","[39, 3, 49, 15, 44, 5]",0
2022-03-05,"[37, 30, 28, 36, 42, 3]","[28, 41, 26, 10, 25, 22]",1
2022-03-09,"[30, 17, 26, 28, 32, 3]","[28, 36, 38, 19, 8, 18]",1
2022-03-12,"[30, 26, 28, 3, 17, 33]","[32, 1, 36, 9, 20, 35]",0
2022-03-16,"[42, 30, 32, 26, 17, 10]","[6, 16, 8, 40, 19, 1]",0
2022-03-19,"[33, 7, 6, 30, 19, 27]","[17, 28, 26, 41, 5, 1]",0
2022-03-23,"[10, 30, 27, 33, 17, 7]","[30, 3, 15, 43, 12, 39]",1
2022-03-26,"[3, 36, 17, 30, 35, 37]","[16, 19, 14, 48, 45, 46]",0
2022-03-30,"[30, 28, 26, 42, 39, 17]","[12, 6, 41, 13, 27, 34]",0
2022-04-02,"[3, 26, 30, 42, 28, 36]","[37, 38, 14, 40, 49, 46]",0
2022-04-06,"[30, 42, 39, 49, 21, 28]","[29, 31, 24, 22, 19, 2]",0
2022-04-09,"[30, 42, 32, 26, 38, 28]","[27, 17, 45, 43, 5, 33]",0
2022-04-13,"[30, 42, 12, 28, 36, 18]","[42, 7, 22, 29, 2, 46]",1
2022-04-16,"[30, 42, 21, 6, 37, 18]","[7, 14, 24, 19, 8, 44]",0
2022-04-20,"[21, 6, 27, 42, 30, 18]","[35, 20, 16, 19, 44, 10]",0
2022-04-23,"[42, 30, 27, 21, 12, 32]","[32, 38, 34, 13, 29, 47]",1
2022-04-27,"[42, 30, 21, 29, 27, 24]","[17, 25, 3, 40, 19, 46]",0
2022-04-30,"[30, 42, 36, 7, 18, 26]","[2, 14, 25, 20, 48, 44]",0
2022-05-04,"[30, 42, 19, 18, 7, 36]","[11, 31, 3, 4, 41, 49]",0
2022-05-07,"[30, 42, 36, 38, 12, 4]","[26, 5, 34, 14, 35, 43]",0
2022-05-11,"[30, 42, 21, 14, 18, 7]","[24, 25, 28, 2, 27, 45]",0
2022-05-14,"[30, 42, 14, 28, 27, 25]","[30, 25, 37, 34, 39, 49]",2
2022-05-18,"[42, 30, 34, 7, 26, 10]","[10, 8, 43, 41, 25, 45]",1
2022-05-21,"[42, 14, 38, 30, 28, 18]","[30, 3, 4, 19, 44, 1]",1
2022-05-25,"[21, 42, 14, 18, 36, 23]","[28, 15, 32, 5, 45, 1]",0
2022-05-28,"[42, 36, 37, 14, 18, 6]","[36, 4, 20, 10, 25, 1]",1
2022-06-01,"[42, 21, 14, 6, 34, 2]","[42, 2, 32, 4, 9, 48]",2
2022-06-04,"[36, 42, 28, 47, 38, 30]","[42, 34, 6, 33, 11, 23]",1
2022-06-08,"[42, 36, 21, 34, 28, 35]","[34, 11, 33, 4, 48, 1]",1
2022-06-11,"[42, 36, 12, 35, 18, 4]","[22, 25, 11, 17, 29, 44]",0
2022-06-15,"[42, 36, 28, 6, 35, 27]","[30, 29, 21, 47, 44, 11]",0
2022-06-18,"[42, 36, 4, 35, 37, 6]","[37, 23, 26, 18, 45, 46]",1
2022-06-22,"[42, 4, 36, 29, 34, 6]","[36, 29, 34, 23, 46, 7]",3
2022-06-25,"[42, 11, 4, 34, 36, 6]","[4, 21, 28, 2, 33, 43]",1
2022-06-29,"[42, 36, 7, 34, 6, 15]","[24, 22, 21, 40, 48, 45]",0
2022-07-02,"[42, 36, 4, 11, 34, 1]","[7, 37, 20, 8, 9, 45]",0
2022-07-06,"[42, 15, 4, 7, 6, 36]","[38, 26, 47, 41, 48, 1]",0
2022-07-09,"[42, 7, 35, 4, 6, 36]","[4, 19, 23, 40, 43, 41]",1
2022-07-13,"[42, 11, 36, 22, 6, 7]","[11, 10, 29, 30, 47, 45]",1
2022-07-16,"[42, 11, 36, 30, 6, 4]","[22, 23, 20, 26, 15, 17]",0
2022-07-20,"[42, 15, 36, 5, 2, 10]","[42, 36, 2, 43, 3, 49]",3
2022-07-23,"[35, 11, 4, 30, 42, 36]","[35, 47, 6, 13, 7, 49]",1
2022-07-27,"[4, 11, 39, 42, 37, 36]","[28, 23, 29, 16, 46, 1]",0
2022-07-30,"[42, 11, 4, 23, 29, 22]","[8, 25, 19, 27, 33, 34]",0
2022-08-03,"[42, 36, 4, 11, 29, 37]","[11, 43, 21, 40, 13, 5]",1
2022-08-06,"[42, 36, 39, 4, 29, 11]","[16, 27, 30, 8, 46, 1]",0
2022-08-10,"[42, 39, 15, 11, 29, 23]","[26, 10, 24, 22, 27, 18]",0
2022-08-13,"[42, 36, 39, 37, 29, 23]","[36, 28, 6, 7, 16, 20]",1
2022-08-17,"[23, 29, 11, 42, 22, 36]","[29, 17, 34, 46, 1, 44]",1
2022-08-20,"[39, 42, 15, 23, 22, 12]","[12, 26, 19, 36, 32, 40]",1
2022-08-24,"[42, 35, 36, 23, 38, 29]","[15, 26, 7, 40, 34, 49]",0
2022-08-27,"[42, 35, 12, 39, 25, 23]","[39, 16, 18, 7, 32, 46]",1
2022-08-31,"[42, 35, 36, 12, 25, 28]","[37, 11, 24, 5, 18, 1]",0
2022-09-03,"[42, 35, 25, 30, 2, 6]","[6, 3, 36, 39, 43, 49]",1
2022-09-07,"[35, 38, 42, 12, 6, 5]","[11, 8, 40, 41, 16, 14]",0
2022-09-10,"[35, 42, 36, 26, 25, 38]","[42, 26, 12, 2, 13, 1]",2
2022-09-14,"[35, 25, 40, 38, 36, 6]","[11, 2, 9, 39, 16, 48]",0
2022-09-17,"[38, 35, 15, 42, 25, 37]","[37, 6, 18, 3, 2, 46]",1
2022-09-21,"[15, 38, 18, 36, 31, 35]","[36, 30, 7, 24, 8, 48]",1
2022-09-24,"[35, 42, 38, 15, 36, 26]","[15, 10, 12, 6, 41, 13]",1
2022-09-28,"[18, 6, 38, 36, 42, 35]","[49, 4, 12, 13, 33, 44]",0
2022-10-01,"[35, 18, 38, 31, 6, 23]","[3, 37, 19, 49, 43, 1]",0
2022-10-05,"[35, 18, 42, 47, 30, 23]","[38, 17, 9, 37, 49, 10]",0
2022-10-08,"[35, 42, 38, 18, 15, 12]","[38, 15, 36, 7, 8, 49]",2
2022-10-12,"[35, 31, 36, 42, 12, 25]","[35, 21, 16, 26, 48, 49]",1
2022-10-15,"[12, 36, 37, 6, 38, 2]","[37, 29, 32, 11, 43, 48]",1
2022-10-19,"[42, 38, 6, 10, 36, 12]","[36, 23, 15, 40, 49, 1]",1
2022-10-22,"[35, 42, 38, 12, 21, 23]","[14, 24, 4, 46, 31, 1]",0
2022-10-26,"[42, 12, 35, 38, 25, 23]","[23, 24, 21, 16, 32, 46]",1
2022-10-29,"[35, 38, 42, 12, 37, 32]","[9, 5, 13, 11, 20, 34]",0
2022-11-02,"[38, 42, 21, 31, 35, 19]","[21, 15, 9, 17, 48, 16]",1
2022-11-05,"[42, 38, 35, 11, 31, 6]","[42, 35, 27, 12, 39, 32]",2
2022-11-09,"[42, 35, 38, 37, 36, 12]","[32, 2, 29, 47, 16, 49]",0
2022-11-12,"[35, 42, 38, 19, 12, 31]","[12, 21, 7, 47, 14, 4]",1
2022-11-16,"[19, 31, 5, 42, 35, 24]","[35, 9, 37, 30, 11, 1]",1
2022-11-19,"[42, 38, 31, 5, 28, 19]","[42, 4, 34, 21, 13, 20]",1
2022-11-23,"[35, 9, 38, 42, 32, 12]","[31, 25, 29, 22, 49, 1]",0
2022-11-26,"[35, 38, 42, 12, 5, 9]","[32, 11, 24, 31, 34, 48]",0
2022-11-30,"[35, 12, 38, 9, 37, 21]","[42, 32, 2, 10, 43, 1]",0
2022-12-03,"[38, 35, 21, 6, 28, 12]","[4, 42, 41, 10, 29, 45]",0
2022-12-07,"[35, 38, 21, 28, 19, 9]","[37, 14, 39, 30, 4, 16]",0
2022-12-10,"[35, 28, 38, 21, 31, 37]","[31, 26, 23, 5, 3, 17]",1
2022-12-14,"[28, 38, 9, 21, 35, 47]","[10, 30, 43, 32, 48, 46]",0
2022-12-17,"[38, 42, 28, 35, 6, 10]","[42, 3, 37, 45, 44, 1]",1
2022-12-21,"[38, 7, 47, 12, 35, 27]","[47, 22, 24, 2, 42, 49]",1
2022-12-24,"[38, 35, 31, 6, 7, 23]","[7, 37, 29, 41, 18, 28]",1
2022-12-28,"[38, 35, 28, 31, 6, 22]","[17, 14, 4, 27, 29, 42]",0
2022-12-31,"[38, 35, 28, 4, 26, 6]","[4, 32, 13, 18, 16, 46]",1
2023-01-04,"[35, 28, 38, 26, 25, 15]","[19, 37, 29, 31, 47, 34]",0
2023-01-07,"[28, 38, 4, 47, 2, 35]","[26, 18, 10, 11, 20, 40]",0
2023-01-11,"[35, 4, 28, 26, 38, 12]","[32, 17, 24, 21, 25, 48]",0
2023-01-14,"[35, 38, 28, 47, 31, 4]","[38, 12, 24, 6, 42, 43]",1
2023-01-18,"[35, 28, 38, 18, 31, 17]","[21, 37, 25, 8, 46, 1]",0
2023-01-21,"[38, 35, 4, 28, 23, 22]","[4, 19, 43, 24, 44, 45]",1
2023-01-25,"[38, 35, 28, 6, 12, 9]","[6, 12, 11, 20, 25, 37]",2
2023-01-28,"[38, 4, 35, 29, 18, 32]","[38, 20, 14, 5, 30, 44]",1
2023-02-01,"[35, 38, 42, 28, 6, 29]","[6, 20, 40, 34, 36, 49]",1
2023-02-04,"[38, 35, 28, 42, 6, 18]","[35, 34, 31, 29, 33, 37]",1
2023-02-08,"[35, 38, 31, 39, 27, 40]","[39, 21, 44, 17, 14, 8]",1
2023-02-11,"[38, 35, 28, 27, 6, 33]","[28, 12, 11, 30, 9, 19]",1
2023-02-15,"[38, 35, 6, 31, 30, 27]","[26, 33, 19, 22, 45, 37]",0
2023-02-18,"[38, 35, 31, 33, 39, 20]","[28, 43, 40, 36, 7, 49]",0
2023-02-22,"[35, 6, 38, 9, 27, 39]","[6, 9, 27, 4, 44, 46]",3
2023-02-25,"[35, 38, 27, 6, 39, 33]","[33, 23, 26, 5, 12, 48]",1
2023-03-01,"[35, 38, 27, 31, 6, 26]","[28, 14, 21, 23, 8, 47]",0
2023-03-04,"[35, 38, 6, 31, 12, 27]","[7, 21, 8, 48, 1, 45]",0
2023-03-08,"[41, 6, 27, 35, 9, 31]","[5, 26, 23, 25, 43, 32]",0
2023-03-11,"[12, 35, 38, 9, 28, 31]","[27, 23, 17, 20, 22, 32]",0
2023-03-15,"[35, 38, 39, 12, 20, 31]","[39, 17, 19, 34, 3, 44]",1
2023-03-18,"[35, 38, 12, 9, 15, 20]","[9, 5, 27, 44, 3, 23]",1
2023-03-22,"[15, 41, 4, 35, 21, 38]","[35, 38, 28, 19, 33, 40]",2
2023-03-25,"[38, 35, 31, 33, 39, 26]","[35, 36, 21, 16, 10, 15]",1
2023-03-29,"[35, 38, 39, 28, 33, 27]","[19, 43, 40, 48, 2, 37]",0
2023-04-01,"[35, 28, 38, 41, 5, 31]","[28, 33, 27, 42, 36, 45]",1
2023-04-05,"[35, 38, 39, 43, 33, 26]","[4, 29, 41, 6, 47, 15]",0
2023-04-08,"[38, 35, 31, 18, 39, 10]","[16, 26, 34, 40, 2, 49]",0
2023-04-12,"[35, 38, 28, 31, 27, 26]","[28, 33, 20, 34, 7, 44]",1
2023-04-15,"[35, 28, 38, 33, 27, 23]","[33, 22, 7, 12, 34, 43]",1
2023-04-19,"[35, 38, 28, 27, 18, 23]","[18, 14, 31, 3, 16, 36]",1
2023-04-22,"[28, 35, 38, 23, 27, 36]","[26, 41, 21, 48, 34, 13]",0
2023-04-26,"[35, 38, 28, 26, 36, 18]","[18, 41, 3, 25, 49, 1]",1
2023-04-29,"[38, 28, 35, 31, 9, 11]","[9, 24, 14, 13, 40, 23]",1
2023-05-03,"[38, 35, 33, 1, 13, 31]","[14, 16, 37, 42, 15, 47]",0
2023-05-06,"[35, 38, 39, 33, 31, 18]","[31, 18, 7, 9, 19, 47]",2
2023-05-10,"[35, 38, 23, 26, 39, 25]","[23, 25, 10, 14, 44, 49]",2
2023-05-13,"[35, 38, 39, 31, 7, 26]","[39, 26, 4, 28, 12, 1]",2
2023-05-17,"[35, 31, 25, 38, 7, 6]","[31, 26, 29, 36, 2, 45]",1
2023-05-20,"[35, 38, 7, 36, 25, 12]","[6, 24, 42, 5, 34, 33]",0
2023-05-24,"[35, 38, 36, 33, 1, 7]","[1, 7, 6, 16, 9, 43]",2
2023-05-27,"[35, 25, 38, 27, 31, 32]","[7, 3, 34, 18, 12, 28]",0
2023-05-31,"[35, 33, 1, 38, 6, 25]","[35, 41, 39, 22, 30, 45]",1
2023-06-03,"[35, 1, 38, 18, 23, 43]","[1, 18, 23, 6, 4, 30]",3
2023-06-07,"[35, 25, 4, 31, 38, 16]","[30, 40, 19, 33, 17, 49]",0
2023-06-10,"[35, 38, 18, 33, 4, 12]","[12, 28, 16, 24, 37, 30]",1
2023-06-14,"[35, 38, 18, 26, 1, 25]","[29, 12, 21, 17, 15, 44]",0
2023-06-17,"[35, 38, 18, 1, 6, 4]","[22, 2, 19, 43, 15, 32]",0
2023-06-21,"[35, 18, 38, 6, 25, 27]","[6, 19, 12, 22, 43, 47]",1
2023-06-24,"[35, 18, 38, 22, 25, 24]","[24, 26, 4, 31, 42, 43]",1
2023-06-28,"[35, 18, 38, 6, 11, 17]","[18, 28, 5, 30, 37, 34]",1
2023-07-01,"[35, 18, 38, 1, 30, 11]","[18, 38, 24, 27, 43, 13]",2
2023-07-05,"[35, 38, 22, 1, 18, 4]","[16, 23, 2, 20, 34, 44]",0
2023-07-08,"[35, 11, 38, 24, 1, 26]","[25, 3, 37, 14, 29, 44]",0
2023-07-12,"[38, 35, 18, 30, 11, 41]","[30, 9, 21, 7, 2, 19]",1
2023-07-15,"[38, 35, 1, 41, 26, 40]","[6, 39, 11, 30, 17, 8]",0
2023-07-19,"[35, 6, 1, 38, 18, 27]","[4, 25, 32, 33, 19, 34]",0
2023-07-22,"[35, 38, 18, 1, 6, 4]","[41, 2, 31, 37, 15, 40]",0
2023-07-26,"[35, 38, 18, 6, 27, 16]","[35, 23, 7, 21, 32, 45]",1
2023-07-29,"[38, 6, 35, 18, 4, 27]","[3, 10, 41, 19, 33, 45]",0
2023-08-02,"[38, 35, 16, 27, 26, 4]","[7, 21, 23, 29, 44, 30]",0
2023-08-05,"[35, 38, 19, 6, 18, 3]","[35, 4, 22, 23, 42, 49]",1
2023-08-09,"[35, 38, 22, 26, 10, 6]","[35, 16, 29, 24, 33, 37]",1
2023-08-12,"[38, 35, 27, 41, 26, 6]","[19, 20, 24, 40, 43, 33]",0
2023-08-16,"[35, 38, 27, 24, 4, 30]","[4, 41, 26, 5, 14, 19]",1
2023-08-19,"[30, 1, 35, 38, 7, 24]","[22, 31, 17, 10, 36, 37]",0
2023-08-23,"[35, 38, 39, 22, 46, 1]","[26, 28, 10, 9, 13, 45]",0
2023-08-26,"[35, 38, 22, 1, 39, 4]","[39, 7, 42, 12, 36, 37]",1
2023-08-30,"[35, 38, 36, 11, 24, 21]","[23, 42, 46, 43, 32, 48]",0
2023-09-02,"[35, 39, 36, 23, 49, 43]","[22, 28, 25, 27, 34, 47]",0
2023-09-06,"[35, 39, 36, 24, 38, 23]","[3, 20, 6, 13, 8, 47]",0
2023-09-09,"[38, 35, 26, 5, 24, 11]","[28, 42, 22, 25, 2, 48]",0
2023-09-13,"[38, 35, 25, 22, 39, 6]","[15, 41, 27, 18, 14, 28]",0
2023-09-16,"[35, 38, 39, 22, 41, 27]","[41, 36, 46, 30, 19, 32]",1
2023-09-20,"[35, 38, 41, 22, 39, 25]","[21, 42, 24, 3, 18, 33]",0
2023-09-23,"[38, 35, 22, 41, 11, 27]","[11, 39, 33, 12, 17, 32]",1
2023-09-27,"[38, 35, 22, 41, 27, 13]","[22, 41, 2, 9, 40, 19]",2
2023-09-30,"[38, 35, 22, 27, 6, 25]","[36, 1, 17, 20, 42, 45]",0
2023-10-04,"[38, 35, 6, 11, 15, 22]","[38, 18, 28, 43, 19, 46]",1
2023-10-07,"[41, 22, 36, 33, 35, 38]","[22, 32, 11, 23, 14, 42]",1
2023-10-11,"[38, 1, 35, 22, 36, 11]","[3, 25, 16, 30, 31, 42]",0
2023-10-14,"[38, 1, 11, 27, 25, 22]","[22, 10, 31, 8, 35, 29]",1
2023-10-18,"[38, 35, 1, 11, 27, 3]","[15, 31, 16, 47, 45, 42]",0
2023-10-21,"[38, 11, 35, 3, 6, 9]","[3, 9, 10, 33, 14, 37]",2
2023-10-25,"[38, 1, 11, 5, 27, 7]","[1, 49, 4, 25, 10, 31]",1
2023-10-28,"[38, 11, 5, 26, 27, 13]","[38, 5, 26, 7, 32, 1]",3
2023-11-01,"[1, 4, 35, 11, 24, 5]","[26, 20, 33, 43, 8, 49]",0
2023-11-04,"[35, 38, 4, 22, 11, 6]","[6, 27, 23, 20, 16, 1]",1
2023-11-08,"[38, 35, 11, 32, 26, 37]","[39, 34, 1, 18, 12, 48]",0
2023-11-11,"[35, 38, 7, 11, 26, 25]","[26, 25, 9, 40, 49, 45]",2
2023-11-15,"[35, 38, 6, 7, 16, 4]","[25, 22, 14, 29, 8, 13]",0
2023-11-18,"[35, 38, 1, 37, 31, 28]","[38, 28, 27, 10, 18, 23]",2
2023-11-22,"[38, 35, 31, 1, 26, 18]","[25, 4, 20, 3, 41, 30]",0
2023-11-25,"[38, 35, 26, 27, 6, 48]","[38, 35, 27, 3, 32, 47]",3
2023-11-29,"[18, 38, 7, 10, 6, 26]","[3, 22, 49, 29, 25, 45]",0
2023-12-02,"[11, 38, 48, 26, 7, 6]","[35, 10, 24, 29, 36, 47]",0
2023-12-06,"[38, 10, 35, 48, 20, 27]","[27, 15, 45, 2, 43, 42]",1
2023-12-09,"[38, 10, 11, 48, 46, 39]","[38, 48, 30, 16, 21, 42]",2
2023-12-13,"[38, 10, 27, 49, 35, 24]","[10, 27, 31, 39, 22, 11]",2
2023-12-16,"[38, 1, 35, 49, 26, 28]","[31, 2, 7, 12, 48, 22]",0
2023-12-20,"[38, 11, 28, 46, 49, 17]","[17, 31, 18, 4, 25, 44]",1
2023-12-23,"[38, 10, 31, 25, 35, 4]","[4, 1, 12, 22, 17, 8]",1
2023-12-27,"[37, 34, 29, 19, 38, 2]","[17, 41, 33, 6, 44, 9]",0
2023-12-30,"[38, 10, 27, 11, 5, 13]","[4, 26, 48, 47, 41, 44]",0
2024-01-03,"[27, 5, 6, 25, 38, 31]","[25, 14, 28, 36, 49, 32]",1
2024-01-06,"[38, 27, 48, 6, 10, 22]","[47, 18, 14, 5, 3, 34]",0
2024-01-10,"[38, 22, 46, 6, 1, 26]","[7, 24, 21, 37, 3, 49]",0
2024-01-13,"[46, 25, 38, 1, 11, 6]","[1, 6, 26, 8, 48, 27]",2
2024-01-17,"[25, 27, 38, 48, 22, 46]","[6, 40, 13, 9, 30, 44]",0
2024-01-20,"[38, 25, 46, 27, 26, 49]","[25, 49, 11, 8, 1, 45]",2
2024-01-24,"[27, 9, 38, 3, 25, 20]","[9, 29, 35, 10, 39, 19]",1
2024-01-27,"[38, 3, 46, 47, 27, 4]","[14, 20, 24, 29, 33, 43]",0
2024-01-31,"[38, 47, 3, 27, 26, 39]","[24, 11, 28, 29, 40, 43]",0
2024-02-03,"[38, 47, 6, 27, 9, 39]","[3, 24, 14, 21, 19, 23]",0
2024-02-07,"[1, 4, 37, 38, 26, 41]","[1, 26, 19, 31, 8, 15]",2
2024-02-10,"[11, 6, 27, 26, 38, 1]","[1, 39, 37, 33, 19, 47]",1
2024-02-14,"[6, 38, 11, 43, 20, 26]","[43, 17, 35, 34, 48, 46]",1
2024-02-17,"[48, 38, 26, 27, 8, 28]","[8, 40, 31, 23, 36, 34]",1
2024-02-21,"[38, 31, 5, 8, 9, 11]","[8, 23, 33, 40, 7, 30]",1
2024-02-24,"[38, 5, 11, 26, 39, 24]","[28, 40, 21, 2, 34, 49]",0
2024-02-28,"[38, 5, 28, 46, 24, 23]","[28, 26, 22, 37, 4, 1]",1
2024-03-02,"[38, 48, 42, 24, 49, 3]","[8, 26, 6, 18, 37, 33]",0
2024-03-06,"[38, 6, 5, 26, 22, 23]","[23, 17, 11, 40, 42, 8]",1
2024-03-09,"[5, 38, 13, 46, 39, 26]","[5, 20, 10, 48, 41, 1]",1
2024-03-13,"[38, 4, 11, 9, 16, 6]","[11, 39, 31, 18, 10, 29]",1
2024-03-16,"[5, 38, 46, 17, 13, 11]","[5, 48, 25, 19, 40, 16]",1
2024-03-20,"[46, 38, 17, 13, 28, 11]","[9, 16, 7, 24, 45, 40]",0
2024-03-23,"[46, 22, 38, 28, 23, 20]","[38, 4, 21, 32, 40, 1]",1
2024-03-27,"[46, 38, 13, 22, 28, 26]","[13, 20, 2, 41, 32, 44]",1
2024-03-30,"[38, 46, 5, 11, 26, 20]","[5, 10, 27, 16, 21, 33]",1
2024-04-03,"[38, 26, 8, 3, 11, 5]","[3, 36, 29, 2, 35, 31]",1
2024-04-06,"[38, 13, 46, 25, 5, 15]","[13, 11, 20, 41, 7, 35]",1
2024-04-10,"[38, 5, 46, 25, 7, 11]","[7, 13, 8, 49, 43, 47]",1
2024-04-13,"[38, 11, 5, 46, 6, 8]","[6, 3, 10, 47, 32, 33]",1
2024-04-17,"[38, 11, 5, 8, 42, 25]","[9, 16, 47, 34, 37, 40]",0
2024-04-20,"[38, 5, 11, 20, 6, 15]","[7, 35, 17, 49, 28, 44]",0
2024-04-24,"[38, 6, 11, 21, 9, 20]","[19, 15, 25, 13, 29, 12]",0
2024-04-27,"[5, 38, 1, 23, 6, 26]","[43, 27, 8, 46, 48, 45]",0
2024-05-01,"[38, 27, 9, 5, 24, 17]","[6, 36, 37, 41, 26, 31]",0
2024-05-04,"[5, 13, 38, 6, 27, 11]","[38, 27, 9, 10, 29, 47]",2
2024-05-08,"[5, 13, 38, 10, 6, 11]","[27, 3, 31, 23, 30, 40]",0
2024-05-11,"[38, 5, 10, 13, 6, 9]","[5, 25, 36, 22, 29, 30]",1
2024-05-15,"[38, 5, 10, 13, 1, 6]","[10, 46, 9, 28, 44, 31]",1
2024-05-18,"[38, 5, 13, 6, 25, 11]","[36, 28, 2, 1, 43, 49]",0
2024-05-22,"[5, 2, 11, 6, 46, 38]","[38, 15, 9, 10, 47, 8]",1
2024-05-25,"[38, 39, 5, 9, 13, 6]","[38, 15, 24, 41, 8, 32]",1
2024-05-29,"[38, 9, 27, 6, 10, 26]","[28, 5, 12, 3, 11, 44]",0
2024-06-01,"[1, 3, 47, 5, 6, 26]","[27, 10, 41, 9, 35, 8]",0
2024-06-05,"[1, 6, 38, 39, 13, 5]","[26, 11, 19, 16, 10, 33]",0
2024-06-08,"[38, 1, 27, 47, 5, 39]","[5, 31, 15, 22, 40, 10]",1
2024-06-12,"[38, 1, 9, 39, 6, 15]","[9, 11, 5, 22, 46, 10]",1
2024-06-15,"[1, 38, 6, 15, 14, 39]","[38, 3, 31, 16, 30, 49]",1
2024-06-19,"[15, 38, 5, 39, 6, 24]","[12, 4, 1, 30, 43, 32]",0
2024-06-22,"[14, 15, 39, 38, 24, 5]","[9, 25, 21, 30, 11, 8]",0
2024-06-26,"[1, 15, 3, 31, 41, 29]","[39, 36, 30, 35, 7, 17]",0
2024-06-29,"[5, 15, 38, 12, 3, 46]","[15, 16, 35, 19, 11, 30]",1
2024-07-03,"[1, 5, 15, 9, 3, 34]","[3, 34, 39, 33, 18, 30]",2
2024-07-06,"[5, 15, 9, 38, 8, 11]","[6, 13, 35, 1, 29, 49]",0
2024-07-10,"[14, 15, 7, 37, 24, 23]","[17, 12, 2, 22, 27, 43]",0
2024-07-13,"[15, 14, 11, 1, 5, 6]","[9, 25, 17, 37, 42, 10]",0
2024-07-17,"[11, 15, 1, 38, 5, 6]","[5, 9, 22, 33, 8, 30]",1
2024-07-20,"[11, 1, 15, 5, 14, 6]","[5, 35, 19, 8, 29, 30]",1
2024-07-24,"[11, 1, 15, 5, 46, 27]","[5, 38, 39, 4, 24, 47]",1
2024-07-27,"[5, 11, 15, 6, 38, 7]","[23, 34, 27, 25, 20, 4]",0
2024-07-31,"[1, 46, 38, 11, 14, 15]","[25, 2, 33, 18, 13, 8]",0
2024-08-03,"[14, 1, 6, 35, 11, 27]","[14, 1, 12, 31, 44, 10]",2
2024-08-07,"[35, 11, 22, 27, 17, 24]","[37, 33, 16, 3, 9, 15]",0
2024-08-10,"[35, 5, 27, 2, 6, 4]","[5, 14, 26, 19, 20, 43]",1
2024-08-14,"[5, 1, 27, 2, 22, 12]","[22, 3, 26, 15, 9, 8]",1
2024-08-17,"[1, 39, 27, 29, 22, 3]","[27, 35, 2, 40, 46, 45]",1
2024-08-21,"[22, 5, 20, 25, 19, 26]","[25, 40, 13, 37, 32, 9]",1
2024-08-24,"[46, 1, 39, 20, 2, 4]","[4, 24, 12, 26, 29, 47]",1
2024-08-28,"[1, 42, 25, 27, 23, 22]","[25, 27, 22, 46, 5, 2]",3
2024-08-31,"[5, 46, 23, 6, 1, 21]","[6, 21, 24, 11, 44, 48]",2
2024-09-04,"[46, 12, 23, 26, 7, 34]","[3, 16, 27, 48, 10, 45]",0
2024-09-07,"[42, 23, 7, 34, 6, 5]","[5, 26, 32, 14, 43, 8]",1
2024-09-11,"[42, 46, 1, 38, 23, 39]","[28, 18, 5, 9, 33, 49]",0
2024-09-14,"[46, 42, 38, 1, 39, 23]","[23, 2, 25, 31, 14, 10]",1
2024-09-18,"[1, 2, 46, 3, 42, 29]","[31, 43, 41, 28, 44, 9]",0
2024-09-21,"[2, 46, 38, 12, 1, 42]","[46, 28, 18, 11, 43, 30]",1
2024-09-25,"[46, 2, 39, 28, 38, 26]","[46, 28, 11, 4, 27, 9]",2
2024-09-28,"[1, 46, 34, 21, 12, 42]","[6, 26, 33, 16, 17, 30]",0
2024-10-02,"[46, 1, 26, 2, 13, 6]","[26, 5, 23, 18, 41, 4]",1
2024-10-05,"[1, 46, 6, 27, 34, 39]","[12, 5, 28, 10, 44, 40]",0
2024-10-09,"[46, 38, 39, 1, 42, 13]","[46, 38, 34, 15, 24, 8]",2
2024-10-12,"[39, 42, 38, 21, 14, 13]","[14, 33, 15, 43, 40, 5]",1
2024-10-16,"[39, 26, 13, 4, 38, 12]","[4, 22, 48, 47, 9, 5]",1
2024-10-19,"[39, 42, 1, 4, 20, 6]","[1, 19, 41, 31, 43, 8]",1
2024-10-23,"[39, 42, 13, 20, 38, 26]","[18, 37, 25, 49, 40, 10]",0
2024-10-26,"[6, 38, 18, 12, 4, 21]","[21, 16, 49, 43, 8, 5]",1
2024-10-30,"[42, 39, 20, 6, 1, 34]","[21, 46, 2, 32, 7, 25]",0
2024-11-02,"[13, 1, 39, 42, 6, 20]","[20, 17, 37, 40, 9, 8]",1
2024-11-06,"[42, 13, 1, 39, 6, 4]","[14, 33, 17, 28, 40, 44]",0
2024-11-09,"[39, 46, 28, 13, 49, 7]","[39, 2, 33, 18, 47, 40]",1
2024-11-13,"[13, 18, 34, 7, 12, 6]","[6, 38, 24, 36, 44, 47]",1
2024-11-16,"[18, 49, 17, 7, 14, 22]","[14, 19, 39, 15, 11, 40]",1
2024-11-20,"[18, 13, 1, 42, 28, 34]","[34, 7, 25, 26, 15, 45]",1
2024-11-23,"[13, 6, 15, 2, 18, 42]","[42, 17, 26, 3, 44, 8]",1
2024-11-27,"[13, 1, 36, 23, 14, 18]","[7, 39, 16, 12, 34, 30]",0
2024-11-30,"[1, 13, 17, 15, 2, 14]","[13, 38, 42, 7, 33, 37]",1
2024-12-04,"[13, 15, 14, 12, 6, 23]","[14, 36, 18, 41, 29, 5]",1
2024-12-07,"[1, 13, 15, 42, 17, 6]","[15, 6, 37, 32, 19, 30]",2
2024-12-11,"[13, 1, 15, 26, 39, 42]","[15, 14, 34, 49, 30, 35]",1
2024-12-14,"[13, 42, 6, 39, 14, 12]","[14, 4, 1, 27, 44, 9]",1
2024-12-18,"[6, 26, 28, 19, 23, 39]","[6, 42, 22, 37, 2, 30]",1
2024-12-21,"[13, 39, 26, 6, 27, 19]","[39, 6, 3, 34, 44, 8]",2
2024-12-25,"[23, 21, 12, 48, 27, 13]","[48, 24, 7, 44, 9, 5]",1
2024-12-28,"[7, 23, 4, 21, 37, 20]","[7, 13, 28, 18, 44, 40]",1
2025-01-01,"[37, 6, 39, 14, 13, 22]","[7, 15, 18, 26, 3, 33]",0
2025-01-04,"[1, 6, 4, 24, 32, 21]","[6, 24, 2, 36, 30, 45]",2
2025-01-08,"[20, 7, 13, 38, 1, 15]","[27, 28, 49, 9, 30, 45]",0
2025-01-11,"[6, 15, 14, 13, 7, 39]","[22, 10, 26, 27, 30, 33]",0
2025-01-15,"[6, 15, 39, 1, 7, 38]","[1, 38, 13, 36, 41, 30]",2
2025-01-18,"[6, 7, 15, 24, 42, 20]","[20, 3, 12, 16, 26, 33]",1
2025-01-22,"[6, 7, 1, 24, 15, 48]","[41, 34, 35, 31, 40, 9]",0
2025-01-25,"[6, 34, 13, 24, 15, 7]","[10, 36, 49, 48, 11, 25]",0
2025-01-29,"[6, 24, 13, 20, 29, 7]","[7, 41, 16, 35, 25, 48]",1
2025-02-01,"[7, 6, 24, 49, 39, 13]","[27, 11, 22, 25, 9, 8]",0
2025-02-05,"[7, 24, 3, 1, 6, 28]","[1, 18, 14, 15, 30, 9]",1
2025-02-08,"[26, 7, 1, 24, 28, 36]","[27, 16, 49, 20, 13, 47]",0
2025-02-12,"[11, 24, 39, 36, 6, 49]","[39, 12, 47, 43, 5, 30]",1
2025-02-15,"[42, 11, 49, 22, 24, 6]","[29, 48, 23, 18, 43, 2]",0
2025-02-19,"[20, 42, 11, 49, 43, 16]","[25, 4, 28, 10, 8, 44]",0
2025-02-22,"[27, 42, 11, 48, 16, 12]","[12, 26, 6, 34, 28, 8]",1
2025-02-26,"[1, 48, 6, 43, 27, 7]","[24, 29, 22, 12, 45, 17]",0
2025-03-01,"[48, 6, 39, 1, 42, 20]","[11, 25, 26, 36, 44, 30]",0
2025-03-05,"[48, 36, 12, 6, 39, 11]","[22, 29, 4, 45, 26, 46]",0
2025-03-08,"[36, 42, 6, 12, 39, 11]","[27, 25, 13, 26, 41, 44]",0
2025-03-12,"[36, 6, 46, 4, 45, 39]","[46, 38, 2, 14, 37, 26]",1
2025-03-15,"[42, 20, 12, 4, 39, 36]","[36, 6, 11, 30, 35, 47]",1
2025-03-19,"[21, 12, 46, 42, 36, 20]","[32, 38, 29, 13, 9, 30]",0
2025-03-22,"[21, 46, 36, 12, 13, 20]","[20, 11, 28, 41, 35, 30]",1
2025-03-26,"[21, 46, 36, 11, 41, 13]","[41, 12, 22, 19, 16, 3]",1
2025-03-29,"[12, 21, 1, 6, 11, 41]","[46, 39, 25, 47, 18, 31]",0
2025-04-02,"[21, 11, 6, 12, 38, 41]","[48, 14, 19, 20, 25, 5]",0
2025-04-05,"[21, 11, 42, 1, 27, 6]","[21, 12, 10, 41, 35, 40]",1
2025-04-09,"[42, 12, 46, 11, 20, 6]","[16, 24, 34, 37, 40, 31]",0
2025-04-12,"[46, 12, 20, 38, 47, 37]","[20, 36, 14, 18, 29, 15]",1
2025-04-16,"[12, 29, 20, 46, 48, 1]","[37, 32, 13, 10, 2, 49]",0
2025-04-19,"[42, 12, 29, 1, 23, 21]","[12, 37, 41, 20, 47, 31]",1
2025-04-23,"[29, 6, 21, 32, 24, 18]","[21, 7, 11, 13, 38, 5]",1
2025-04-26,"[1, 6, 29, 32, 10, 18]","[4, 13, 9, 26, 41, 44]",0
2025-04-30,"[23, 42, 12, 1, 32, 25]","[42, 18, 36, 19, 38, 8]",1
2025-05-03,"[20, 23, 12, 36, 38, 32]","[20, 37, 48, 25, 28, 44]",1
2025-05-07,"[36, 38, 13, 7, 23, 37]","[28, 19, 12, 16, 5, 9]",0
2025-05-10,"[32, 1, 36, 28, 41, 5]","[32, 34, 48, 23, 46, 17]",1
2025-05-14,"[38, 20, 13, 48, 37, 7]","[36, 15, 46, 5, 3, 44]",0
2025-05-17,"[1, 20, 37, 6, 38, 28]","[4, 15, 34, 12, 36, 21]",0
2025-05-21,"[20, 37, 38, 21, 13, 1]","[20, 21, 4, 28, 3, 30]",2
2025-05-24,"[20, 13, 12, 21, 26, 3]","[12, 11, 35, 10, 5, 33]",1
2025-05-28,"[1, 13, 20, 26, 27, 43]","[20, 8, 49, 37, 19, 25]",1
2025-05-31,"[19, 21, 32, 42, 3, 10]","[21, 36, 14, 13, 1, 20]",1
2025-06-04,"[1, 37, 13, 32, 19, 10]","[13, 28, 38, 23, 35, 30]",1
2025-06-07,"[21, 42, 32, 37, 1, 26]","[23, 25, 13, 17, 46, 40]",0
2025-06-11,"[21, 32, 42, 12, 10, 37]","[39, 34, 14, 9, 29, 2]",0
2025-06-14,"[21, 1, 12, 32, 42, 26]","[3, 19, 28, 39, 24, 30]",0
2025-06-18,"[21, 34, 32, 1, 42, 23]","[21, 20, 4, 12, 33, 30]",1
2025-06-21,"[1, 36, 32, 26, 23, 42]","[36, 12, 19, 16, 7, 30]",1
2025-06-25,"[21, 26, 1, 42, 19, 36]","[21, 42, 27, 35, 45, 46]",2
2025-06-28,"[39, 13, 36, 17, 15, 19]","[23, 10, 7, 11, 37, 20]",0
2025-07-02,"[1, 43, 36, 13, 26, 23]","[13, 39, 17, 40, 44, 45]",1
2025-07-05,"[19, 23, 43, 7, 4, 3]","[42, 29, 1, 37, 8, 44]",0
2025-07-09,"[21, 19, 23, 32, 31, 7]","[6, 28, 15, 47, 1, 48]",0
2025-07-12,"[1, 31, 32, 23, 7, 21]","[31, 23, 26, 20, 10, 44]",2
2025-07-16,"[21, 23, 42, 1, 39, 7]","[39, 43, 27, 48, 34, 44]",1
2025-07-19,"[23, 39, 34, 21, 48, 29]","[35, 4, 36, 6, 12, 40]",0
2025-07-23,"[21, 23, 32, 20, 39, 24]","[26, 4, 27, 19, 15, 13]",0
2025-07-26,"[1, 23, 4, 42, 39, 21]","[42, 7, 17, 37, 6, 28]",1
2025-07-30,"[23, 39, 20, 13, 1, 26]","[39, 1, 24, 19, 28, 45]",2
2025-08-02,"[20, 23, 32, 10, 9, 13]","[20, 9, 17, 27, 14, 48]",2
2025-08-06,"[13, 42, 26, 32, 17, 39]","[42, 32, 17, 4, 20, 35]",3
2025-08-09,"[39, 22, 42, 17, 26, 6]","[22, 6, 1, 8, 20, 46]",2
2025-08-13,"[39, 25, 26, 5, 49, 29]","[11, 9, 41, 30, 13, 46]",0
2025-08-16,"[6, 17, 39, 42, 43, 25]","[21, 10, 35, 33, 36, 44]",0
2025-08-20,"[6, 42, 39, 17, 10, 32]","[39, 4, 19, 21, 47, 38]",1
2025-08-23,"[6, 42, 17, 22, 24, 32]","[9, 23, 21, 3, 27, 13]",0
2025-08-27,"[1, 25, 42, 26, 6, 31]","[43, 22, 41, 35, 8, 48]",0
2025-08-30,"[6, 17, 42, 39, 10, 14]","[42, 39, 11, 48, 5, 13]",2
2025-09-03,"[6, 17, 49, 29, 25, 24]","[7, 30, 39, 8, 35, 44]",0
2025-09-06,"[6, 17, 42, 24, 22, 23]","[4, 29, 16, 45, 2, 44]",0
2025-09-10,"[42, 4, 49, 25, 43, 6]","[22, 17, 3, 15, 21, 37]",0
2025-09-13,"[42, 49, 1, 4, 48, 43]","[43, 25, 2, 23, 15, 8]",1
2025-09-17,"[18, 4, 42, 5, 25, 6]","[22, 27, 20, 37, 21, 44]",0
2025-09-20,"[42, 32, 17, 4, 23, 43]","[43, 6, 15, 19, 13, 44]",1
2025-09-24,"[42, 4, 17, 32, 35, 23]","[31, 16, 29, 14, 9, 48]",0
2025-09-27,"[18, 4, 17, 42, 23, 32]","[20, 11, 14, 38, 36, 8]",0
2025-10-01,"[42, 32, 1, 25, 23, 17]","[32, 14, 37, 12, 41, 9]",1
2025-10-04,"[18, 42, 1, 43, 32, 17]","[23, 11, 2, 12, 29, 37]",0
2025-10-08,"[42, 1, 21, 43, 6, 27]","[42, 6, 40, 7, 10, 20]",2
2025-10-11,"[42, 1, 32, 24, 6, 25]","[23, 28, 22, 17, 36, 13]",0
2025-10-15,"[42, 32, 1, 22, 43, 23]","[21, 6, 7, 5, 4, 13]",0
2025-10-18,"[26, 27, 1, 24, 30, 32]","[25, 42, 2, 47, 44, 18]",0
2025-10-22,"[42, 23, 32, 6, 21, 31]","[14, 26, 40, 19, 4, 35]",0
2025-10-25,"[42, 49, 23, 6, 32, 2]","[42, 23, 17, 16, 39, 30]",2
2025-10-29,"[32, 42, 49, 2, 6, 33]","[7, 31, 43, 5, 9, 46]",0
2025-11-01,"[49, 33, 32, 1, 24, 6]","[38, 18, 28, 7, 29, 35]",0
2025-11-05,"[32, 49, 42, 23, 6, 2]","[49, 28, 33, 37, 20, 8]",1
2025-11-08,"[42, 32, 23, 6, 5, 17]","[10, 2, 26, 16, 39, 44]",0
2025-11-12,"[42, 32, 23, 2, 1, 6]","[6, 11, 28, 36, 20, 46]",1
2025-11-15,"[42, 32, 23, 2, 6, 17]","[32, 6, 12, 39, 9, 13]",2
2025-11-19,"[42, 1, 6, 31, 2, 47]","[4, 26, 7, 18, 37, 48]",0
2025-11-22,"[42, 32, 49, 1, 24, 7]","[32, 33, 29, 18, 21, 15]",1
2025-11-26,"[42, 32, 43, 31, 6, 25]","[2, 28, 29, 39, 24, 9]",0
2025-11-29,"[7, 6, 42, 32, 1, 2]","[1, 16, 25, 22, 13, 44]",1
2025-12-03,"[34, 49, 7, 27, 15, 31]","[49, 27, 29, 21, 37, 44]",2
2025-12-06,"[32, 42, 7, 33, 2, 1]","[33, 26, 27, 15, 35, 37]",1
2025-12-10,"[32, 42, 18, 31, 49, 27]","[24, 17, 11, 12, 3, 13]",0
2025-12-13,"[42, 1, 32, 31, 30, 43]","[32, 11, 6, 45, 21, 37]",1
2025-12-17,"[42, 34, 49, 6, 7, 18]","[6, 26, 32, 25, 37, 13]",1
2025-12-20,"[49, 42, 1, 18, 24, 34]","[42, 33, 12, 32, 23, 40]",1
2025-12-24,"[42, 18, 45, 49, 24, 6]","[7, 25, 32, 39, 8, 37]",0
2025-12-27,"[42, 34, 45, 49, 24, 5]","[27, 38, 10, 7, 28, 46]",0
2025-12-31,"[42, 7, 34, 11, 45, 31]","[7, 3, 5, 41, 36, 28]",1
2026-01-03,"[49, 1, 47, 45, 42, 31]","[11, 3, 12, 16, 8, 46]",0
2026-01-07,"[34, 7, 25, 26, 27, 31]","[47, 15, 18, 36, 32, 29]",0
2026-01-10,"[42, 24, 45, 7, 49, 18]","[7, 29, 1, 4, 9, 13]",1
2026-01-14,"[6, 40, 30, 43, 31, 42]","[25, 26, 23, 48, 21, 18]",0
2026-01-17,"[24, 45, 42, 49, 1, 34]","[49, 12, 46, 37, 21, 22]",1
2026-01-21,"[24, 42, 18, 23, 15, 22]","[24, 15, 4, 27, 10, 5]",2
2026-01-24,"[1, 24, 42, 40, 33, 30]","[1, 49, 28, 7, 32, 47]",1
2026-01-28,"[49, 24, 47, 40, 22, 27]","[11, 25, 9, 35, 37, 44]",0
2026-01-31,"[34, 49, 24, 42, 31, 22]","[49, 30, 38, 19, 8, 37]",1
2026-02-04,"[24, 32, 18, 22, 42, 15]","[22, 11, 16, 27, 9, 37]",1
2026-02-07,"[49, 1, 34, 47, 24, 32]","[49, 7, 11, 25, 28, 20]",1
2026-02-11,"[34, 24, 18, 7, 1, 26]","[18, 40, 8, 20, 9, 37]",1
2026-02-14,"[7, 34, 1, 49, 22, 24]","[3, 19, 43, 40, 20, 9]",0
2026-02-18,"[7, 22, 24, 27, 1, 42]","[15, 10, 19, 29, 48, 20]",0
2026-02-21,"[24, 49, 7, 22, 34, 1]","[8, 2, 39, 29, 9, 44]",0
2026-02-25,"[24, 1, 49, 45, 7, 27]","[30, 25, 13, 37, 46, 9]",0
2026-02-28,"[34, 49, 24, 45, 7, 1]","[45, 1, 33, 6, 19, 44]",2
2026-03-04,"[49, 24, 41, 42, 2, 26]","[24, 15, 1, 40, 17, 37]",1
2026-03-07,"[14, 49, 45, 34, 42, 47]","[38, 41, 16, 39, 5, 20]",0
2026-03-11,"[14, 34, 49, 24, 6, 45]","[26, 17, 32, 21, 35, 37]",0
2026-03-14,"[45, 49, 24, 1, 47, 22]","[45, 28, 19, 20, 32, 44]",1
2026-03-18,"[24, 1, 45, 49, 34, 17]","[49, 10, 43, 35, 13, 20]",1
2026-03-21,"[24, 45, 41, 6, 1, 18]","[24, 19, 43, 29, 2, 7]",1
2026-03-25,"[14, 31, 34, 6, 45, 41]","[7, 12, 49, 30, 29, 46]",0
2026-03-28,"[45, 41, 24, 10, 47, 26]","[24, 33, 42, 5, 34, 20]",1
2026-04-01,"[49, 34, 45, 24, 42, 31]","[14, 10, 22, 11, 48, 8]",0
2026-04-04,"[49, 19, 31, 1, 41, 26]","[6, 18, 15, 28, 48, 23]",0
2026-04-08,"[31, 49, 34, 42, 7, 26]","[5, 14, 16, 2, 36, 23]",0
2026-04-11,"[49, 31, 34, 19, 6, 24]","[34, 33, 32, 23, 17, 46]",1
2026-04-15,"[31, 42, 45, 43, 34, 38]","[42, 25, 17, 28, 40, 3]",1
2026-04-18,"[31, 19, 34, 42, 49, 24]","[34, 18, 48, 28, 44, 37]",1
2026-04-22,"[31, 24, 48, 42, 43, 34]","[42, 26, 27, 15, 35, 47]",1
2026-04-25,"[31, 6, 34, 17, 24, 42]","[6, 49, 15, 12, 35, 20]",1
2026-04-29,"[31, 41, 11, 43, 18, 45]","[43, 1, 25, 15, 47, 37]",1
2026-05-02,"[41, 38, 18, 6, 17, 11]","[21, 20, 9, 5, 1, 32]",0
2026-05-06,"[31, 6, 26, 27, 18, 11]","[40, 38, 10, 19, 13, 48]",0
2026-05-09,"[6, 31, 1, 41, 17, 18]","[43, 12, 3, 2, 36, 39]",0
2026-05-13,"[31, 3, 41, 47, 1, 27]","[31, 43, 26, 15, 20, 13]",1
2026-05-16,"[31, 1, 45, 34, 41, 3]","[27, 7, 11, 23, 30, 20]",0
2026-05-20,"[47, 1, 3, 31, 43, 26]","[3, 34, 14, 39, 48, 46]",1
2026-05-23,"[31, 43, 23, 9, 26, 41]","[6, 11, 14, 8, 39, 2]",0
2026-05-27,"[26, 31, 27, 43, 25, 35]","[26, 47, 30, 16, 41, 44]",1
2026-05-30,"[31, 43, 23, 48, 6, 1]","[48, 3, 10, 27, 14, 41]",1
2026-06-03,"[31, 45, 23, 20, 6, 9]","[6, 26, 41, 24, 4, 44]",1
2026-06-06,"[31, 1, 38, 23, 6, 45]","[23, 16, 17, 8, 30, 32]",1
2026-06-10,"[3, 23, 31, 1, 30, 48]","[28, 39, 11, 16, 15, 42]",0
2026-06-13,"[31, 3, 23, 1, 48, 27]","[24, 4, 43, 13, 16, 20]",0
2026-06-17,"[31, 3, 23, 43, 6, 41]","[3, 27, 26, 4, 39, 20]",1
2026-06-20,"[31, 3, 6, 7, 1, 41]","[2, 27, 13, 8, 35, 15]",0
2026-06-24,"[31, 6, 3, 1, 41, 30]","[43, 36, 25, 40, 49, 44]",0
2026-06-27,"[24, 39, 40, 43, 36, 27]","[39, 35, 26, 49, 32, 47]",1
2026-07-01,"[47, 43, 41, 24, 27, 39]","[41, 13, 48, 2, 4, 5]",1
2026-07-04,"[33, 43, 18, 38, 41, 1]","[10, 36, 28, 31, 7, 37]",0
2026-07-08,"[31, 43, 38, 34, 45, 3]","[31, 45, 30, 15, 28, 37]",2
2026-07-11,"[31, 3, 45, 47, 43, 34]","[41, 6, 4, 1, 48, 20]",0
2026-07-15,"[20, 41, 33, 18, 38, 25]","[7, 11, 35, 37, 42, 39]",0
2026-07-18,"[31, 38, 34, 3, 41, 6]","[33, 47, 5, 17, 35, 39]",0
2026-07-22,"[31, 4, 41, 38, 40, 34]","[25, 10, 5, 14, 3, 49]",0
2026-07-25,"[4, 38, 41, 22, 31, 9]","[31, 18, 21, 42, 36, 44]",1
2026-07-29,"[31, 41, 3, 4, 7, 24]","[3, 49, 16, 22, 43, 48]",1
2026-08-01,"[34, 31, 41, 4, 5, 38]","[31, 19, 25, 42, 22, 20]",1
2026-08-05,"[31, 41, 24, 42, 4, 34]","[24, 49, 36, 15, 23, 44]",1
2026-08-08,"[31, 4, 3, 42, 5, 34]","[2, 22, 38, 43, 30, 8]",0
2026-08-12,"[31, 29, 34, 1, 49, 24]","[29, 7, 20, 27, 39, 22]",1
2026-08-15,"[31, 45, 34, 47, 1, 41]","[45, 26, 24, 32, 7, 13]",1
2026-08-19,"[31, 34, 42, 5, 49, 41]","[31, 3, 47, 33, 23, 35]",1
